id:ID(PLACE_ID)|name:string|url:string|type:string|:LABEL
0|"India"|"http://dbpedia.org/resource/India"|"country"|Place
1|"China"|"http://dbpedia.org/resource/China"|"country"|Place
2|"Angola"|"http://dbpedia.org/resource/Angola"|"country"|Place
3|"Austria"|"http://dbpedia.org/resource/Austria"|"country"|Place
4|"Azerbaijan"|"http://dbpedia.org/resource/Azerbaijan"|"country"|Place
5|"Bolivia"|"http://dbpedia.org/resource/Bolivia"|"country"|Place
6|"Bosnia_and_Herzegovina"|"http://dbpedia.org/resource/Bosnia_and_Herzegovina"|"country"|Place
7|"Bulgaria"|"http://dbpedia.org/resource/Bulgaria"|"country"|Place
8|"Chad"|"http://dbpedia.org/resource/Chad"|"country"|Place
9|"Croatia"|"http://dbpedia.org/resource/Croatia"|"country"|Place
10|"Denmark"|"http://dbpedia.org/resource/Denmark"|"country"|Place
11|"Dominican_Republic"|"http://dbpedia.org/resource/Dominican_Republic"|"country"|Place
12|"El_Salvador"|"http://dbpedia.org/resource/El_Salvador"|"country"|Place
13|"Estonia"|"http://dbpedia.org/resource/Estonia"|"country"|Place
14|"Finland"|"http://dbpedia.org/resource/Finland"|"country"|Place
15|"Honduras"|"http://dbpedia.org/resource/Honduras"|"country"|Place
16|"Hong_Kong"|"http://dbpedia.org/resource/Hong_Kong"|"country"|Place
17|"Israel"|"http://dbpedia.org/resource/Israel"|"country"|Place
18|"Jordan"|"http://dbpedia.org/resource/Jordan"|"country"|Place
19|"Laos"|"http://dbpedia.org/resource/Laos"|"country"|Place
20|"Latvia"|"http://dbpedia.org/resource/Latvia"|"country"|Place
21|"Liberia"|"http://dbpedia.org/resource/Liberia"|"country"|Place
22|"Libya"|"http://dbpedia.org/resource/Libya"|"country"|Place
23|"Lithuania"|"http://dbpedia.org/resource/Lithuania"|"country"|Place
24|"Malta"|"http://dbpedia.org/resource/Malta"|"country"|Place
25|"Mauritania"|"http://dbpedia.org/resource/Mauritania"|"country"|Place
26|"Mauritius"|"http://dbpedia.org/resource/Mauritius"|"country"|Place
27|"Mongolia"|"http://dbpedia.org/resource/Mongolia"|"country"|Place
28|"Namibia"|"http://dbpedia.org/resource/Namibia"|"country"|Place
29|"New_Zealand"|"http://dbpedia.org/resource/New_Zealand"|"country"|Place
30|"Nicaragua"|"http://dbpedia.org/resource/Nicaragua"|"country"|Place
31|"Northern_Ireland"|"http://dbpedia.org/resource/Northern_Ireland"|"country"|Place
32|"Norway"|"http://dbpedia.org/resource/Norway"|"country"|Place
33|"Oman"|"http://dbpedia.org/resource/Oman"|"country"|Place
34|"Panama"|"http://dbpedia.org/resource/Panama"|"country"|Place
35|"Papua_New_Guinea"|"http://dbpedia.org/resource/Papua_New_Guinea"|"country"|Place
36|"Puerto_Rico"|"http://dbpedia.org/resource/Puerto_Rico"|"country"|Place
37|"Republic_of_Ireland"|"http://dbpedia.org/resource/Republic_of_Ireland"|"country"|Place
38|"Republic_of_Macedonia"|"http://dbpedia.org/resource/Republic_of_Macedonia"|"country"|Place
39|"Rwanda"|"http://dbpedia.org/resource/Rwanda"|"country"|Place
40|"Scotland"|"http://dbpedia.org/resource/Scotland"|"country"|Place
41|"Singapore"|"http://dbpedia.org/resource/Singapore"|"country"|Place
42|"Slovakia"|"http://dbpedia.org/resource/Slovakia"|"country"|Place
43|"Slovenia"|"http://dbpedia.org/resource/Slovenia"|"country"|Place
44|"Swaziland"|"http://dbpedia.org/resource/Swaziland"|"country"|Place
45|"Switzerland"|"http://dbpedia.org/resource/Switzerland"|"country"|Place
46|"Tajikistan"|"http://dbpedia.org/resource/Tajikistan"|"country"|Place
47|"Uruguay"|"http://dbpedia.org/resource/Uruguay"|"country"|Place
48|"Wales"|"http://dbpedia.org/resource/Wales"|"country"|Place
49|"Brazil"|"http://dbpedia.org/resource/Brazil"|"country"|Place
50|"Germany"|"http://dbpedia.org/resource/Germany"|"country"|Place
51|"Indonesia"|"http://dbpedia.org/resource/Indonesia"|"country"|Place
52|"Japan"|"http://dbpedia.org/resource/Japan"|"country"|Place
53|"Mexico"|"http://dbpedia.org/resource/Mexico"|"country"|Place
54|"Pakistan"|"http://dbpedia.org/resource/Pakistan"|"country"|Place
55|"Philippines"|"http://dbpedia.org/resource/Philippines"|"country"|Place
56|"Russia"|"http://dbpedia.org/resource/Russia"|"country"|Place
57|"United_States"|"http://dbpedia.org/resource/United_States"|"country"|Place
58|"Vietnam"|"http://dbpedia.org/resource/Vietnam"|"country"|Place
59|"Afghanistan"|"http://dbpedia.org/resource/Afghanistan"|"country"|Place
60|"Algeria"|"http://dbpedia.org/resource/Algeria"|"country"|Place
61|"Argentina"|"http://dbpedia.org/resource/Argentina"|"country"|Place
62|"Australia"|"http://dbpedia.org/resource/Australia"|"country"|Place
63|"Belarus"|"http://dbpedia.org/resource/Belarus"|"country"|Place
64|"Belgium"|"http://dbpedia.org/resource/Belgium"|"country"|Place
65|"Burma"|"http://dbpedia.org/resource/Burma"|"country"|Place
66|"Canada"|"http://dbpedia.org/resource/Canada"|"country"|Place
67|"Cambodia"|"http://dbpedia.org/resource/Cambodia"|"country"|Place
68|"Cameroon"|"http://dbpedia.org/resource/Cameroon"|"country"|Place
69|"Chile"|"http://dbpedia.org/resource/Chile"|"country"|Place
70|"Colombia"|"http://dbpedia.org/resource/Colombia"|"country"|Place
71|"Cuba"|"http://dbpedia.org/resource/Cuba"|"country"|Place
72|"Czech_Republic"|"http://dbpedia.org/resource/Czech_Republic"|"country"|Place
73|"Democratic_Republic_of_the_Congo"|"http://dbpedia.org/resource/Democratic_Republic_of_the_Congo"|"country"|Place
74|"Egypt"|"http://dbpedia.org/resource/Egypt"|"country"|Place
75|"England"|"http://dbpedia.org/resource/England"|"country"|Place
76|"Ethiopia"|"http://dbpedia.org/resource/Ethiopia"|"country"|Place
77|"France"|"http://dbpedia.org/resource/France"|"country"|Place
78|"Greece"|"http://dbpedia.org/resource/Greece"|"country"|Place
79|"Hungary"|"http://dbpedia.org/resource/Hungary"|"country"|Place
80|"Iran"|"http://dbpedia.org/resource/Iran"|"country"|Place
81|"Italy"|"http://dbpedia.org/resource/Italy"|"country"|Place
82|"Kazakhstan"|"http://dbpedia.org/resource/Kazakhstan"|"country"|Place
83|"Kenya"|"http://dbpedia.org/resource/Kenya"|"country"|Place
84|"Madagascar"|"http://dbpedia.org/resource/Madagascar"|"country"|Place
85|"Malaysia"|"http://dbpedia.org/resource/Malaysia"|"country"|Place
86|"Moldova"|"http://dbpedia.org/resource/Moldova"|"country"|Place
87|"Morocco"|"http://dbpedia.org/resource/Morocco"|"country"|Place
88|"Nepal"|"http://dbpedia.org/resource/Nepal"|"country"|Place
89|"Netherlands"|"http://dbpedia.org/resource/Netherlands"|"country"|Place
90|"Niger"|"http://dbpedia.org/resource/Niger"|"country"|Place
91|"Peru"|"http://dbpedia.org/resource/Peru"|"country"|Place
92|"Poland"|"http://dbpedia.org/resource/Poland"|"country"|Place
93|"Portugal"|"http://dbpedia.org/resource/Portugal"|"country"|Place
94|"Taiwan"|"http://dbpedia.org/resource/Taiwan"|"country"|Place
95|"Romania"|"http://dbpedia.org/resource/Romania"|"country"|Place
96|"Senegal"|"http://dbpedia.org/resource/Senegal"|"country"|Place
97|"South_Africa"|"http://dbpedia.org/resource/South_Africa"|"country"|Place
98|"South_Korea"|"http://dbpedia.org/resource/South_Korea"|"country"|Place
99|"Spain"|"http://dbpedia.org/resource/Spain"|"country"|Place
100|"Sri_Lanka"|"http://dbpedia.org/resource/Sri_Lanka"|"country"|Place
101|"Sweden"|"http://dbpedia.org/resource/Sweden"|"country"|Place
102|"Tanzania"|"http://dbpedia.org/resource/Tanzania"|"country"|Place
103|"Thailand"|"http://dbpedia.org/resource/Thailand"|"country"|Place
104|"Tunisia"|"http://dbpedia.org/resource/Tunisia"|"country"|Place
105|"Turkey"|"http://dbpedia.org/resource/Turkey"|"country"|Place
106|"Ukraine"|"http://dbpedia.org/resource/Ukraine"|"country"|Place
107|"United_Kingdom"|"http://dbpedia.org/resource/United_Kingdom"|"country"|Place
108|"Venezuela"|"http://dbpedia.org/resource/Venezuela"|"country"|Place
109|"Yemen"|"http://dbpedia.org/resource/Yemen"|"country"|Place
110|"Zambia"|"http://dbpedia.org/resource/Zambia"|"country"|Place
111|"Pondicherry"|"http://dbpedia.org/resource/Pondicherry"|"city"|Place
112|"Rewari"|"http://dbpedia.org/resource/Rewari"|"city"|Place
113|"Mysore"|"http://dbpedia.org/resource/Mysore"|"city"|Place
114|"Thane"|"http://dbpedia.org/resource/Thane"|"city"|Place
115|"Shibpur"|"http://dbpedia.org/resource/Shibpur"|"city"|Place
116|"Rohtak"|"http://dbpedia.org/resource/Rohtak"|"city"|Place
117|"Jiaganj_Azimganj"|"http://dbpedia.org/resource/Jiaganj_Azimganj"|"city"|Place
118|"Andhra_Pradesh"|"http://dbpedia.org/resource/Andhra_Pradesh"|"city"|Place
119|"Shillong"|"http://dbpedia.org/resource/Shillong"|"city"|Place
120|"Baharampur"|"http://dbpedia.org/resource/Baharampur"|"city"|Place
121|"Bhopal"|"http://dbpedia.org/resource/Bhopal"|"city"|Place
122|"Tezpur"|"http://dbpedia.org/resource/Tezpur"|"city"|Place
123|"Rourkela"|"http://dbpedia.org/resource/Rourkela"|"city"|Place
124|"Chennai"|"http://dbpedia.org/resource/Chennai"|"city"|Place
125|"Noida"|"http://dbpedia.org/resource/Noida"|"city"|Place
126|"Jammu"|"http://dbpedia.org/resource/Jammu"|"city"|Place
127|"Kalyani"|"http://dbpedia.org/resource/Kalyani"|"city"|Place
128|"Delhi"|"http://dbpedia.org/resource/Delhi"|"city"|Place
129|"Gobichettipalayam"|"http://dbpedia.org/resource/Gobichettipalayam"|"city"|Place
130|"Kochi"|"http://dbpedia.org/resource/Kochi"|"city"|Place
131|"Srinagar"|"http://dbpedia.org/resource/Srinagar"|"city"|Place
132|"Ahmedabad"|"http://dbpedia.org/resource/Ahmedabad"|"city"|Place
133|"Pune"|"http://dbpedia.org/resource/Pune"|"city"|Place
134|"Haldia"|"http://dbpedia.org/resource/Haldia"|"city"|Place
135|"Nagpur"|"http://dbpedia.org/resource/Nagpur"|"city"|Place
136|"Kakinada"|"http://dbpedia.org/resource/Kakinada"|"city"|Place
137|"Berhampur"|"http://dbpedia.org/resource/Berhampur"|"city"|Place
138|"Darbhanga"|"http://dbpedia.org/resource/Darbhanga"|"city"|Place
139|"Thirthahalli"|"http://dbpedia.org/resource/Thirthahalli"|"city"|Place
140|"Bikaner"|"http://dbpedia.org/resource/Bikaner"|"city"|Place
141|"Vellore"|"http://dbpedia.org/resource/Vellore"|"city"|Place
142|"Surat"|"http://dbpedia.org/resource/Surat"|"city"|Place
143|"Anantapur"|"http://dbpedia.org/resource/Anantapur"|"city"|Place
144|"Cooch_Behar"|"http://dbpedia.org/resource/Cooch_Behar"|"city"|Place
145|"Hubli"|"http://dbpedia.org/resource/Hubli"|"city"|Place
146|"Hamirpur"|"http://dbpedia.org/resource/Hamirpur"|"city"|Place
147|"Kanpur"|"http://dbpedia.org/resource/Kanpur"|"city"|Place
148|"Tiruchirappalli"|"http://dbpedia.org/resource/Tiruchirappalli"|"city"|Place
149|"Ujjain"|"http://dbpedia.org/resource/Ujjain"|"city"|Place
150|"Visakhapatnam"|"http://dbpedia.org/resource/Visakhapatnam"|"city"|Place
151|"Gandhinagar"|"http://dbpedia.org/resource/Gandhinagar"|"city"|Place
152|"Kannur"|"http://dbpedia.org/resource/Kannur"|"city"|Place
153|"Agra"|"http://dbpedia.org/resource/Agra"|"city"|Place
154|"Loni"|"http://dbpedia.org/resource/Loni"|"city"|Place
155|"Jind"|"http://dbpedia.org/resource/Jind"|"city"|Place
156|"Durgapur"|"http://dbpedia.org/resource/Durgapur"|"city"|Place
157|"Sangrur"|"http://dbpedia.org/resource/Sangrur"|"city"|Place
158|"Raichur"|"http://dbpedia.org/resource/Raichur"|"city"|Place
159|"Bardhaman"|"http://dbpedia.org/resource/Bardhaman"|"city"|Place
160|"Moga"|"http://dbpedia.org/resource/Moga"|"city"|Place
161|"Amritsar"|"http://dbpedia.org/resource/Amritsar"|"city"|Place
162|"Srikakulam"|"http://dbpedia.org/resource/Srikakulam"|"city"|Place
163|"Anantapur_district"|"http://dbpedia.org/resource/Anantapur_district"|"city"|Place
164|"Kolkata"|"http://dbpedia.org/resource/Kolkata"|"city"|Place
165|"Orissa"|"http://dbpedia.org/resource/Orissa"|"city"|Place
166|"Kalady"|"http://dbpedia.org/resource/Kalady"|"city"|Place
167|"Coimbatore"|"http://dbpedia.org/resource/Coimbatore"|"city"|Place
168|"Gurgaon"|"http://dbpedia.org/resource/Gurgaon"|"city"|Place
169|"Purulia"|"http://dbpedia.org/resource/Purulia"|"city"|Place
170|"Kodambakkam"|"http://dbpedia.org/resource/Kodambakkam"|"city"|Place
171|"Jodhpur"|"http://dbpedia.org/resource/Jodhpur"|"city"|Place
172|"Mahishadal"|"http://dbpedia.org/resource/Mahishadal"|"city"|Place
173|"Kurukshetra"|"http://dbpedia.org/resource/Kurukshetra"|"city"|Place
174|"Meerut"|"http://dbpedia.org/resource/Meerut"|"city"|Place
175|"Faizabad"|"http://dbpedia.org/resource/Faizabad"|"city"|Place
176|"Bangalore"|"http://dbpedia.org/resource/Bangalore"|"city"|Place
177|"Kota"|"http://dbpedia.org/resource/Kota"|"city"|Place
178|"Lucknow"|"http://dbpedia.org/resource/Lucknow"|"city"|Place
179|"Kalimpong"|"http://dbpedia.org/resource/Kalimpong"|"city"|Place
180|"Cuttack"|"http://dbpedia.org/resource/Cuttack"|"city"|Place
181|"Alappuzha"|"http://dbpedia.org/resource/Alappuzha"|"city"|Place
182|"Davangere"|"http://dbpedia.org/resource/Davangere"|"city"|Place
183|"Siliguri"|"http://dbpedia.org/resource/Siliguri"|"city"|Place
184|"Bidar"|"http://dbpedia.org/resource/Bidar"|"city"|Place
185|"Puttur"|"http://dbpedia.org/resource/Puttur"|"city"|Place
186|"Maharashtra"|"http://dbpedia.org/resource/Maharashtra"|"city"|Place
187|"Kolhapur"|"http://dbpedia.org/resource/Kolhapur"|"city"|Place
188|"Habra"|"http://dbpedia.org/resource/Habra"|"city"|Place
189|"Bihar"|"http://dbpedia.org/resource/Bihar"|"city"|Place
190|"Hyderabad"|"http://dbpedia.org/resource/Hyderabad"|"city"|Place
191|"Kadapa"|"http://dbpedia.org/resource/Kadapa"|"city"|Place
192|"Bhilai"|"http://dbpedia.org/resource/Bhilai"|"city"|Place
193|"Tirunelveli"|"http://dbpedia.org/resource/Tirunelveli"|"city"|Place
194|"Moradabad"|"http://dbpedia.org/resource/Moradabad"|"city"|Place
195|"Tiruvallur_district"|"http://dbpedia.org/resource/Tiruvallur_district"|"city"|Place
196|"Nashik"|"http://dbpedia.org/resource/Nashik"|"city"|Place
197|"Anand"|"http://dbpedia.org/resource/Anand"|"city"|Place
198|"Sion"|"http://dbpedia.org/resource/Sion"|"city"|Place
199|"Aizawl"|"http://dbpedia.org/resource/Aizawl"|"city"|Place
200|"Jhansi"|"http://dbpedia.org/resource/Jhansi"|"city"|Place
201|"Serampore"|"http://dbpedia.org/resource/Serampore"|"city"|Place
202|"Asansol"|"http://dbpedia.org/resource/Asansol"|"city"|Place
203|"Varanasi"|"http://dbpedia.org/resource/Varanasi"|"city"|Place
204|"Navi_Mumbai"|"http://dbpedia.org/resource/Navi_Mumbai"|"city"|Place
205|"Vadodara"|"http://dbpedia.org/resource/Vadodara"|"city"|Place
206|"Patna"|"http://dbpedia.org/resource/Patna"|"city"|Place
207|"Jajapur"|"http://dbpedia.org/resource/Jajapur"|"city"|Place
208|"Bareilly"|"http://dbpedia.org/resource/Bareilly"|"city"|Place
209|"Tamil_Nadu"|"http://dbpedia.org/resource/Tamil_Nadu"|"city"|Place
210|"Ranchi"|"http://dbpedia.org/resource/Ranchi"|"city"|Place
211|"Gulbarga"|"http://dbpedia.org/resource/Gulbarga"|"city"|Place
212|"Erode"|"http://dbpedia.org/resource/Erode"|"city"|Place
213|"Arambag"|"http://dbpedia.org/resource/Arambag"|"city"|Place
214|"Howrah"|"http://dbpedia.org/resource/Howrah"|"city"|Place
215|"Jaipur"|"http://dbpedia.org/resource/Jaipur"|"city"|Place
216|"Kasaragod"|"http://dbpedia.org/resource/Kasaragod"|"city"|Place
217|"Vallabh_Vidhyanagar"|"http://dbpedia.org/resource/Vallabh_Vidhyanagar"|"city"|Place
218|"Suri"|"http://dbpedia.org/resource/Suri"|"city"|Place
219|"Assam"|"http://dbpedia.org/resource/Assam"|"city"|Place
220|"Greater_Noida"|"http://dbpedia.org/resource/Greater_Noida"|"city"|Place
221|"Jorhat"|"http://dbpedia.org/resource/Jorhat"|"city"|Place
222|"Allahabad"|"http://dbpedia.org/resource/Allahabad"|"city"|Place
223|"Rajasthan"|"http://dbpedia.org/resource/Rajasthan"|"city"|Place
224|"Aurangabad"|"http://dbpedia.org/resource/Aurangabad"|"city"|Place
225|"Hisar"|"http://dbpedia.org/resource/Hisar"|"city"|Place
226|"Haldwani"|"http://dbpedia.org/resource/Haldwani"|"city"|Place
227|"Dum_Dum"|"http://dbpedia.org/resource/Dum_Dum"|"city"|Place
228|"Vijayawada"|"http://dbpedia.org/resource/Vijayawada"|"city"|Place
229|"Solapur"|"http://dbpedia.org/resource/Solapur"|"city"|Place
230|"Malappuram"|"http://dbpedia.org/resource/Malappuram"|"city"|Place
231|"Thanjavur"|"http://dbpedia.org/resource/Thanjavur"|"city"|Place
232|"Dharwad"|"http://dbpedia.org/resource/Dharwad"|"city"|Place
233|"Nalgonda"|"http://dbpedia.org/resource/Nalgonda"|"city"|Place
234|"English_Bazar"|"http://dbpedia.org/resource/English_Bazar"|"city"|Place
235|"Bankura"|"http://dbpedia.org/resource/Bankura"|"city"|Place
236|"Belgaum"|"http://dbpedia.org/resource/Belgaum"|"city"|Place
237|"Namakkal"|"http://dbpedia.org/resource/Namakkal"|"city"|Place
238|"Balasore"|"http://dbpedia.org/resource/Balasore"|"city"|Place
239|"Palayamkottai"|"http://dbpedia.org/resource/Palayamkottai"|"city"|Place
240|"Chetpet"|"http://dbpedia.org/resource/Chetpet"|"city"|Place
241|"Mangalore"|"http://dbpedia.org/resource/Mangalore"|"city"|Place
242|"Nellore"|"http://dbpedia.org/resource/Nellore"|"city"|Place
243|"Patiala"|"http://dbpedia.org/resource/Patiala"|"city"|Place
244|"Madurai"|"http://dbpedia.org/resource/Madurai"|"city"|Place
245|"Karaikudi"|"http://dbpedia.org/resource/Karaikudi"|"city"|Place
246|"Karnataka"|"http://dbpedia.org/resource/Karnataka"|"city"|Place
247|"Bahadurgarh"|"http://dbpedia.org/resource/Bahadurgarh"|"city"|Place
248|"Silchar"|"http://dbpedia.org/resource/Silchar"|"city"|Place
249|"Kandivali"|"http://dbpedia.org/resource/Kandivali"|"city"|Place
250|"Ghaziabad"|"http://dbpedia.org/resource/Ghaziabad"|"city"|Place
251|"Rajahmundry"|"http://dbpedia.org/resource/Rajahmundry"|"city"|Place
252|"Dehradun"|"http://dbpedia.org/resource/Dehradun"|"city"|Place
253|"Kozhikode"|"http://dbpedia.org/resource/Kozhikode"|"city"|Place
254|"Salem"|"http://dbpedia.org/resource/Salem"|"city"|Place
255|"Barasat"|"http://dbpedia.org/resource/Barasat"|"city"|Place
256|"Guwahati"|"http://dbpedia.org/resource/Guwahati"|"city"|Place
257|"Shimoga"|"http://dbpedia.org/resource/Shimoga"|"city"|Place
258|"Kollam"|"http://dbpedia.org/resource/Kollam"|"city"|Place
259|"Krishnanagar"|"http://dbpedia.org/resource/Krishnanagar"|"city"|Place
260|"Ernakulam"|"http://dbpedia.org/resource/Ernakulam"|"city"|Place
261|"Mumbai"|"http://dbpedia.org/resource/Mumbai"|"city"|Place
262|"Talcher"|"http://dbpedia.org/resource/Talcher"|"city"|Place
263|"Warangal"|"http://dbpedia.org/resource/Warangal"|"city"|Place
264|"Goa"|"http://dbpedia.org/resource/Goa"|"city"|Place
265|"Ajmer"|"http://dbpedia.org/resource/Ajmer"|"city"|Place
266|"Raipur"|"http://dbpedia.org/resource/Raipur"|"city"|Place
267|"Kerala"|"http://dbpedia.org/resource/Kerala"|"city"|Place
268|"Jalpaiguri"|"http://dbpedia.org/resource/Jalpaiguri"|"city"|Place
269|"Brahmavar"|"http://dbpedia.org/resource/Brahmavar"|"city"|Place
270|"Manipal"|"http://dbpedia.org/resource/Manipal"|"city"|Place
271|"Udaipur"|"http://dbpedia.org/resource/Udaipur"|"city"|Place
272|"Tiruvallur"|"http://dbpedia.org/resource/Tiruvallur"|"city"|Place
273|"Dhenkanal"|"http://dbpedia.org/resource/Dhenkanal"|"city"|Place
274|"Thrissur"|"http://dbpedia.org/resource/Thrissur"|"city"|Place
275|"Bandra"|"http://dbpedia.org/resource/Bandra"|"city"|Place
276|"Chandigarh"|"http://dbpedia.org/resource/Chandigarh"|"city"|Place
277|"Munsirhat"|"http://dbpedia.org/resource/Munsirhat"|"city"|Place
278|"Tirupati"|"http://dbpedia.org/resource/Tirupati"|"city"|Place
279|"Midnapore"|"http://dbpedia.org/resource/Midnapore"|"city"|Place
280|"Poonamallee"|"http://dbpedia.org/resource/Poonamallee"|"city"|Place
281|"Nalanda"|"http://dbpedia.org/resource/Nalanda"|"city"|Place
282|"Jabalpur"|"http://dbpedia.org/resource/Jabalpur"|"city"|Place
283|"Faridabad"|"http://dbpedia.org/resource/Faridabad"|"city"|Place
284|"Rupnagar"|"http://dbpedia.org/resource/Rupnagar"|"city"|Place
285|"Guntur"|"http://dbpedia.org/resource/Guntur"|"city"|Place
286|"Kottayam"|"http://dbpedia.org/resource/Kottayam"|"city"|Place
287|"Bhubaneswar"|"http://dbpedia.org/resource/Bhubaneswar"|"city"|Place
288|"Fatehgarh_Sahib"|"http://dbpedia.org/resource/Fatehgarh_Sahib"|"city"|Place
289|"Barrackpore"|"http://dbpedia.org/resource/Barrackpore"|"city"|Place
290|"Gaya"|"http://dbpedia.org/resource/Gaya"|"city"|Place
291|"Kashipur"|"http://dbpedia.org/resource/Kashipur"|"city"|Place
292|"Gangtok"|"http://dbpedia.org/resource/Gangtok"|"city"|Place
293|"Nerul"|"http://dbpedia.org/resource/Nerul"|"city"|Place
294|"Bilaspur"|"http://dbpedia.org/resource/Bilaspur"|"city"|Place
295|"Thiruchendur"|"http://dbpedia.org/resource/Thiruchendur"|"city"|Place
296|"Gwalior"|"http://dbpedia.org/resource/Gwalior"|"city"|Place
297|"Gujarat"|"http://dbpedia.org/resource/Gujarat"|"city"|Place
298|"Indore"|"http://dbpedia.org/resource/Indore"|"city"|Place
299|"Palakkad"|"http://dbpedia.org/resource/Palakkad"|"city"|Place
300|"New_Delhi"|"http://dbpedia.org/resource/New_Delhi"|"city"|Place
301|"Secunderabad"|"http://dbpedia.org/resource/Secunderabad"|"city"|Place
302|"Durg"|"http://dbpedia.org/resource/Durg"|"city"|Place
303|"Raniganj"|"http://dbpedia.org/resource/Raniganj"|"city"|Place
304|"Thiruvananthapuram"|"http://dbpedia.org/resource/Thiruvananthapuram"|"city"|Place
305|"Jamshedpur"|"http://dbpedia.org/resource/Jamshedpur"|"city"|Place
306|"Bhagalpur"|"http://dbpedia.org/resource/Bhagalpur"|"city"|Place
307|"Aligarh"|"http://dbpedia.org/resource/Aligarh"|"city"|Place
308|"Sambalpur"|"http://dbpedia.org/resource/Sambalpur"|"city"|Place
309|"Latur"|"http://dbpedia.org/resource/Latur"|"city"|Place
310|"Zhengzhou"|"http://dbpedia.org/resource/Zhengzhou"|"city"|Place
311|"Chishui"|"http://dbpedia.org/resource/Chishui"|"city"|Place
312|"Donggang"|"http://dbpedia.org/resource/Donggang"|"city"|Place
313|"Dandong"|"http://dbpedia.org/resource/Dandong"|"city"|Place
314|"Chaohu"|"http://dbpedia.org/resource/Chaohu"|"city"|Place
315|"Changji"|"http://dbpedia.org/resource/Changji"|"city"|Place
316|"Bayannur"|"http://dbpedia.org/resource/Bayannur"|"city"|Place
317|"Zhangzhou"|"http://dbpedia.org/resource/Zhangzhou"|"city"|Place
318|"Huanggang"|"http://dbpedia.org/resource/Huanggang"|"city"|Place
319|"Genhe"|"http://dbpedia.org/resource/Genhe"|"city"|Place
320|"Baicheng"|"http://dbpedia.org/resource/Baicheng"|"city"|Place
321|"Shenzhen"|"http://dbpedia.org/resource/Shenzhen"|"city"|Place
322|"Deyang"|"http://dbpedia.org/resource/Deyang"|"city"|Place
323|"Baiyin"|"http://dbpedia.org/resource/Baiyin"|"city"|Place
324|"Bole"|"http://dbpedia.org/resource/Bole"|"city"|Place
325|"Xi'an"|"http://dbpedia.org/resource/Xi'an"|"city"|Place
326|"Ezhou"|"http://dbpedia.org/resource/Ezhou"|"city"|Place
327|"Baoshan"|"http://dbpedia.org/resource/Baoshan"|"city"|Place
328|"Baotou"|"http://dbpedia.org/resource/Baotou"|"city"|Place
329|"Danyang"|"http://dbpedia.org/resource/Danyang"|"city"|Place
330|"Changzhi"|"http://dbpedia.org/resource/Changzhi"|"city"|Place
331|"Yueyang"|"http://dbpedia.org/resource/Yueyang"|"city"|Place
332|"Diaobingshan"|"http://dbpedia.org/resource/Diaobingshan"|"city"|Place
333|"Fuyang"|"http://dbpedia.org/resource/Fuyang"|"city"|Place
334|"Dingxi"|"http://dbpedia.org/resource/Dingxi"|"city"|Place
335|"Dunhuang"|"http://dbpedia.org/resource/Dunhuang"|"city"|Place
336|"Nanning"|"http://dbpedia.org/resource/Nanning"|"city"|Place
337|"Altay"|"http://dbpedia.org/resource/Altay"|"city"|Place
338|"Fuqing"|"http://dbpedia.org/resource/Fuqing"|"city"|Place
339|"Bei'an"|"http://dbpedia.org/resource/Bei'an"|"city"|Place
340|"Anguo"|"http://dbpedia.org/resource/Anguo"|"city"|Place
341|"Beihai"|"http://dbpedia.org/resource/Beihai"|"city"|Place
342|"Daye"|"http://dbpedia.org/resource/Daye"|"city"|Place
343|"Xinzheng"|"http://dbpedia.org/resource/Xinzheng"|"city"|Place
344|"Harbin"|"http://dbpedia.org/resource/Harbin"|"city"|Place
345|"Anshan"|"http://dbpedia.org/resource/Anshan"|"city"|Place
346|"Duyun"|"http://dbpedia.org/resource/Duyun"|"city"|Place
347|"Dongtai"|"http://dbpedia.org/resource/Dongtai"|"city"|Place
348|"Xinxiang"|"http://dbpedia.org/resource/Xinxiang"|"city"|Place
349|"Macau"|"http://dbpedia.org/resource/Macau"|"city"|Place
350|"Da'an"|"http://dbpedia.org/resource/Da'an"|"city"|Place
351|"Shenyang"|"http://dbpedia.org/resource/Shenyang"|"city"|Place
352|"Dengta"|"http://dbpedia.org/resource/Dengta"|"city"|Place
353|"Bijie"|"http://dbpedia.org/resource/Bijie"|"city"|Place
354|"Aral"|"http://dbpedia.org/resource/Aral"|"city"|Place
355|"Fujin"|"http://dbpedia.org/resource/Fujin"|"city"|Place
356|"Chuzhou"|"http://dbpedia.org/resource/Chuzhou"|"city"|Place
357|"Cenxi"|"http://dbpedia.org/resource/Cenxi"|"city"|Place
358|"Songjiang_District"|"http://dbpedia.org/resource/Songjiang_District"|"city"|Place
359|"Benxi"|"http://dbpedia.org/resource/Benxi"|"city"|Place
360|"Datong"|"http://dbpedia.org/resource/Datong"|"city"|Place
361|"Changde"|"http://dbpedia.org/resource/Changde"|"city"|Place
362|"Bazhong"|"http://dbpedia.org/resource/Bazhong"|"city"|Place
363|"Guilin"|"http://dbpedia.org/resource/Guilin"|"city"|Place
364|"Mbabane"|"http://dbpedia.org/resource/Mbabane"|"city"|Place
365|"Gaocheng"|"http://dbpedia.org/resource/Gaocheng"|"city"|Place
366|"Anshun"|"http://dbpedia.org/resource/Anshun"|"city"|Place
367|"Baise"|"http://dbpedia.org/resource/Baise"|"city"|Place
368|"Dujiangyan"|"http://dbpedia.org/resource/Dujiangyan"|"city"|Place
369|"Fangchenggang"|"http://dbpedia.org/resource/Fangchenggang"|"city"|Place
370|"Erenhot"|"http://dbpedia.org/resource/Erenhot"|"city"|Place
371|"Baoding"|"http://dbpedia.org/resource/Baoding"|"city"|Place
372|"Ergun"|"http://dbpedia.org/resource/Ergun"|"city"|Place
373|"Dunhua"|"http://dbpedia.org/resource/Dunhua"|"city"|Place
374|"Gaoping"|"http://dbpedia.org/resource/Gaoping"|"city"|Place
375|"Guangzhou"|"http://dbpedia.org/resource/Guangzhou"|"city"|Place
376|"Hefei"|"http://dbpedia.org/resource/Hefei"|"city"|Place
377|"Changle"|"http://dbpedia.org/resource/Changle"|"city"|Place
378|"Luoyang"|"http://dbpedia.org/resource/Luoyang"|"city"|Place
379|"Beipiao"|"http://dbpedia.org/resource/Beipiao"|"city"|Place
380|"Dezhou"|"http://dbpedia.org/resource/Dezhou"|"city"|Place
381|"Chongzuo"|"http://dbpedia.org/resource/Chongzuo"|"city"|Place
382|"Baoji"|"http://dbpedia.org/resource/Baoji"|"city"|Place
383|"Chenzhou"|"http://dbpedia.org/resource/Chenzhou"|"city"|Place
384|"Pudong"|"http://dbpedia.org/resource/Pudong"|"city"|Place
385|"Shijiazhuang"|"http://dbpedia.org/resource/Shijiazhuang"|"city"|Place
386|"Hangzhou"|"http://dbpedia.org/resource/Hangzhou"|"city"|Place
387|"Fuzhou"|"http://dbpedia.org/resource/Fuzhou"|"city"|Place
388|"Changzhou"|"http://dbpedia.org/resource/Changzhou"|"city"|Place
389|"Taiyuan"|"http://dbpedia.org/resource/Taiyuan"|"city"|Place
390|"Foshan"|"http://dbpedia.org/resource/Foshan"|"city"|Place
391|"Ankang"|"http://dbpedia.org/resource/Ankang"|"city"|Place
392|"Gejiu"|"http://dbpedia.org/resource/Gejiu"|"city"|Place
393|"Dongyang"|"http://dbpedia.org/resource/Dongyang"|"city"|Place
394|"Anning"|"http://dbpedia.org/resource/Anning"|"city"|Place
395|"Dexing"|"http://dbpedia.org/resource/Dexing"|"city"|Place
396|"Zhuhai"|"http://dbpedia.org/resource/Zhuhai"|"city"|Place
397|"Gaomi"|"http://dbpedia.org/resource/Gaomi"|"city"|Place
398|"Ürümqi"|"http://dbpedia.org/resource/Ürümqi"|"city"|Place
399|"Beiliu"|"http://dbpedia.org/resource/Beiliu"|"city"|Place
400|"Fuquan"|"http://dbpedia.org/resource/Fuquan"|"city"|Place
401|"Chaozhou"|"http://dbpedia.org/resource/Chaozhou"|"city"|Place
402|"Conghua"|"http://dbpedia.org/resource/Conghua"|"city"|Place
403|"Dangyang"|"http://dbpedia.org/resource/Dangyang"|"city"|Place
404|"Fukang"|"http://dbpedia.org/resource/Fukang"|"city"|Place
405|"Chaoyang"|"http://dbpedia.org/resource/Chaoyang"|"city"|Place
406|"Fuxin"|"http://dbpedia.org/resource/Fuxin"|"city"|Place
407|"Changyi"|"http://dbpedia.org/resource/Changyi"|"city"|Place
408|"Chongzhou"|"http://dbpedia.org/resource/Chongzhou"|"city"|Place
409|"Enping"|"http://dbpedia.org/resource/Enping"|"city"|Place
410|"Dehui"|"http://dbpedia.org/resource/Dehui"|"city"|Place
411|"Quanzhou"|"http://dbpedia.org/resource/Quanzhou"|"city"|Place
412|"Emeishan"|"http://dbpedia.org/resource/Emeishan"|"city"|Place
413|"Anqiu"|"http://dbpedia.org/resource/Anqiu"|"city"|Place
414|"Beitun"|"http://dbpedia.org/resource/Beitun"|"city"|Place
415|"Changning"|"http://dbpedia.org/resource/Changning"|"city"|Place
416|"Gaizhou"|"http://dbpedia.org/resource/Gaizhou"|"city"|Place
417|"Dongguan"|"http://dbpedia.org/resource/Dongguan"|"city"|Place
418|"Lanzhou"|"http://dbpedia.org/resource/Lanzhou"|"city"|Place
419|"Beibei_District"|"http://dbpedia.org/resource/Beibei_District"|"city"|Place
420|"Shantou"|"http://dbpedia.org/resource/Shantou"|"city"|Place
421|"Dazhou"|"http://dbpedia.org/resource/Dazhou"|"city"|Place
422|"Feicheng"|"http://dbpedia.org/resource/Feicheng"|"city"|Place
423|"Yantai"|"http://dbpedia.org/resource/Yantai"|"city"|Place
424|"Gaoyao"|"http://dbpedia.org/resource/Gaoyao"|"city"|Place
425|"Dali"|"http://dbpedia.org/resource/Dali"|"city"|Place
426|"Kunming"|"http://dbpedia.org/resource/Kunming"|"city"|Place
427|"Fu'an"|"http://dbpedia.org/resource/Fu'an"|"city"|Place
428|"Brooklyn"|"http://dbpedia.org/resource/Brooklyn"|"city"|Place
429|"Botou"|"http://dbpedia.org/resource/Botou"|"city"|Place
430|"Danzhou"|"http://dbpedia.org/resource/Danzhou"|"city"|Place
431|"Bozhou"|"http://dbpedia.org/resource/Bozhou"|"city"|Place
432|"Danjiangkou"|"http://dbpedia.org/resource/Danjiangkou"|"city"|Place
433|"Nanchang"|"http://dbpedia.org/resource/Nanchang"|"city"|Place
434|"Baishan"|"http://dbpedia.org/resource/Baishan"|"city"|Place
435|"Gaozhou"|"http://dbpedia.org/resource/Gaozhou"|"city"|Place
436|"Anda"|"http://dbpedia.org/resource/Anda"|"city"|Place
437|"Arxan"|"http://dbpedia.org/resource/Arxan"|"city"|Place
438|"Changge"|"http://dbpedia.org/resource/Changge"|"city"|Place
439|"Changshu"|"http://dbpedia.org/resource/Changshu"|"city"|Place
440|"Nan'an_District"|"http://dbpedia.org/resource/Nan'an_District"|"city"|Place
441|"Nanchong"|"http://dbpedia.org/resource/Nanchong"|"city"|Place
442|"Putian"|"http://dbpedia.org/resource/Putian"|"city"|Place
443|"Dafeng"|"http://dbpedia.org/resource/Dafeng"|"city"|Place
444|"Dongfang"|"http://dbpedia.org/resource/Dongfang"|"city"|Place
445|"Chizhou"|"http://dbpedia.org/resource/Chizhou"|"city"|Place
446|"Beijing"|"http://dbpedia.org/resource/Beijing"|"city"|Place
447|"Haidian_District"|"http://dbpedia.org/resource/Haidian_District"|"city"|Place
448|"Cixi"|"http://dbpedia.org/resource/Cixi"|"city"|Place
449|"Xiangtan"|"http://dbpedia.org/resource/Xiangtan"|"city"|Place
450|"Dongying"|"http://dbpedia.org/resource/Dongying"|"city"|Place
451|"Fenyang"|"http://dbpedia.org/resource/Fenyang"|"city"|Place
452|"Hengyang"|"http://dbpedia.org/resource/Hengyang"|"city"|Place
453|"Anlu"|"http://dbpedia.org/resource/Anlu"|"city"|Place
454|"Shihezi"|"http://dbpedia.org/resource/Shihezi"|"city"|Place
455|"Golmud"|"http://dbpedia.org/resource/Golmud"|"city"|Place
456|"Fuyu"|"http://dbpedia.org/resource/Fuyu"|"city"|Place
457|"Gaobeidian"|"http://dbpedia.org/resource/Gaobeidian"|"city"|Place
458|"Tianjin"|"http://dbpedia.org/resource/Tianjin"|"city"|Place
459|"Shanghai"|"http://dbpedia.org/resource/Shanghai"|"city"|Place
460|"Beizhen"|"http://dbpedia.org/resource/Beizhen"|"city"|Place
461|"Cangzhou"|"http://dbpedia.org/resource/Cangzhou"|"city"|Place
462|"Fuzhou,"|"http://dbpedia.org/resource/Fuzhou,"|"city"|Place
463|"Fengcheng,"|"http://dbpedia.org/resource/Fengcheng,"|"city"|Place
464|"Chibi"|"http://dbpedia.org/resource/Chibi"|"city"|Place
465|"Fengzhen"|"http://dbpedia.org/resource/Fengzhen"|"city"|Place
466|"Chuxiong"|"http://dbpedia.org/resource/Chuxiong"|"city"|Place
467|"Qiqihar"|"http://dbpedia.org/resource/Qiqihar"|"city"|Place
468|"Alashankou"|"http://dbpedia.org/resource/Alashankou"|"city"|Place
469|"Huainan"|"http://dbpedia.org/resource/Huainan"|"city"|Place
470|"Ma'anshan"|"http://dbpedia.org/resource/Ma'anshan"|"city"|Place
471|"Changchun"|"http://dbpedia.org/resource/Changchun"|"city"|Place
472|"Wuhan"|"http://dbpedia.org/resource/Wuhan"|"city"|Place
473|"Gaoyou"|"http://dbpedia.org/resource/Gaoyou"|"city"|Place
474|"Yinchuan"|"http://dbpedia.org/resource/Yinchuan"|"city"|Place
475|"Fushun"|"http://dbpedia.org/resource/Fushun"|"city"|Place
476|"Dongxing"|"http://dbpedia.org/resource/Dongxing"|"city"|Place
477|"Chifeng"|"http://dbpedia.org/resource/Chifeng"|"city"|Place
478|"Qingdao"|"http://dbpedia.org/resource/Qingdao"|"city"|Place
479|"Chongqing"|"http://dbpedia.org/resource/Chongqing"|"city"|Place
480|"Fuding"|"http://dbpedia.org/resource/Fuding"|"city"|Place
481|"Dengzhou"|"http://dbpedia.org/resource/Dengzhou"|"city"|Place
482|"Gongyi"|"http://dbpedia.org/resource/Gongyi"|"city"|Place
483|"Dengfeng"|"http://dbpedia.org/resource/Dengfeng"|"city"|Place
484|"Daqing"|"http://dbpedia.org/resource/Daqing"|"city"|Place
485|"Changsha"|"http://dbpedia.org/resource/Changsha"|"city"|Place
486|"Anqing"|"http://dbpedia.org/resource/Anqing"|"city"|Place
487|"Bazhou"|"http://dbpedia.org/resource/Bazhou"|"city"|Place
488|"Dingzhou"|"http://dbpedia.org/resource/Dingzhou"|"city"|Place
489|"Suzhou"|"http://dbpedia.org/resource/Suzhou"|"city"|Place
490|"Fuling_District"|"http://dbpedia.org/resource/Fuling_District"|"city"|Place
491|"Anyang"|"http://dbpedia.org/resource/Anyang"|"city"|Place
492|"Dalian"|"http://dbpedia.org/resource/Dalian"|"city"|Place
493|"Enshi"|"http://dbpedia.org/resource/Enshi"|"city"|Place
494|"Chengdu"|"http://dbpedia.org/resource/Chengdu"|"city"|Place
495|"Binzhou"|"http://dbpedia.org/resource/Binzhou"|"city"|Place
496|"Fuyang,"|"http://dbpedia.org/resource/Fuyang,"|"city"|Place
497|"Jinan"|"http://dbpedia.org/resource/Jinan"|"city"|Place
498|"Nanjing"|"http://dbpedia.org/resource/Nanjing"|"city"|Place
499|"Bengbu"|"http://dbpedia.org/resource/Bengbu"|"city"|Place
500|"Ganzhou"|"http://dbpedia.org/resource/Ganzhou"|"city"|Place
501|"Chengde"|"http://dbpedia.org/resource/Chengde"|"city"|Place
502|"Kowloon"|"http://dbpedia.org/resource/Kowloon"|"city"|Place
503|"Fenghua"|"http://dbpedia.org/resource/Fenghua"|"city"|Place
504|"Gao'an"|"http://dbpedia.org/resource/Gao'an"|"city"|Place
505|"Artux"|"http://dbpedia.org/resource/Artux"|"city"|Place
506|"Dashiqiao"|"http://dbpedia.org/resource/Dashiqiao"|"city"|Place
507|"Shanxi"|"http://dbpedia.org/resource/Shanxi"|"city"|Place
508|"Luanda"|"http://dbpedia.org/resource/Luanda"|"city"|Place
509|"Vienna"|"http://dbpedia.org/resource/Vienna"|"city"|Place
510|"Baku"|"http://dbpedia.org/resource/Baku"|"city"|Place
511|"Carmen_Pampa"|"http://dbpedia.org/resource/Carmen_Pampa"|"city"|Place
512|"Sarajevo"|"http://dbpedia.org/resource/Sarajevo"|"city"|Place
513|"Sofia"|"http://dbpedia.org/resource/Sofia"|"city"|Place
514|"ChadCity"|"http://dbpedia.org/resource/ChadCity"|"city"|Place
515|"Zagreb"|"http://dbpedia.org/resource/Zagreb"|"city"|Place
516|"Copenhagen"|"http://dbpedia.org/resource/Copenhagen"|"city"|Place
517|"Santo_Domingo"|"http://dbpedia.org/resource/Santo_Domingo"|"city"|Place
518|"San_Salvador"|"http://dbpedia.org/resource/San_Salvador"|"city"|Place
519|"Tallinn"|"http://dbpedia.org/resource/Tallinn"|"city"|Place
520|"Helsinki"|"http://dbpedia.org/resource/Helsinki"|"city"|Place
521|"Tegucigalpa"|"http://dbpedia.org/resource/Tegucigalpa"|"city"|Place
522|"Ma_Liu_Shui"|"http://dbpedia.org/resource/Ma_Liu_Shui"|"city"|Place
523|"Jerusalem"|"http://dbpedia.org/resource/Jerusalem"|"city"|Place
524|"Amman"|"http://dbpedia.org/resource/Amman"|"city"|Place
525|"Vientiane"|"http://dbpedia.org/resource/Vientiane"|"city"|Place
526|"Riga"|"http://dbpedia.org/resource/Riga"|"city"|Place
527|"Monrovia"|"http://dbpedia.org/resource/Monrovia"|"city"|Place
528|"Benghazi"|"http://dbpedia.org/resource/Benghazi"|"city"|Place
529|"Vilnius"|"http://dbpedia.org/resource/Vilnius"|"city"|Place
530|"San_Gwann"|"http://dbpedia.org/resource/San_Gwann"|"city"|Place
531|"Nouakchott"|"http://dbpedia.org/resource/Nouakchott"|"city"|Place
532|"Moka"|"http://dbpedia.org/resource/Moka"|"city"|Place
533|"Ulan_Bator"|"http://dbpedia.org/resource/Ulan_Bator"|"city"|Place
534|"Windhoek"|"http://dbpedia.org/resource/Windhoek"|"city"|Place
535|"Auckland"|"http://dbpedia.org/resource/Auckland"|"city"|Place
536|"Managua"|"http://dbpedia.org/resource/Managua"|"city"|Place
537|"Belfast"|"http://dbpedia.org/resource/Belfast"|"city"|Place
538|"Oslo"|"http://dbpedia.org/resource/Oslo"|"city"|Place
539|"Muscat"|"http://dbpedia.org/resource/Muscat"|"city"|Place
540|"Panama_City"|"http://dbpedia.org/resource/Panama_City"|"city"|Place
541|"Port_Moresby"|"http://dbpedia.org/resource/Port_Moresby"|"city"|Place
542|"Ponce"|"http://dbpedia.org/resource/Ponce"|"city"|Place
543|"Dublin"|"http://dbpedia.org/resource/Dublin"|"city"|Place
544|"Skopje"|"http://dbpedia.org/resource/Skopje"|"city"|Place
545|"Butare"|"http://dbpedia.org/resource/Butare"|"city"|Place
546|"Glasgow"|"http://dbpedia.org/resource/Glasgow"|"city"|Place
547|"SingaporeCity"|"http://dbpedia.org/resource/SingaporeCity"|"city"|Place
548|"Bratislava"|"http://dbpedia.org/resource/Bratislava"|"city"|Place
549|"Ljubljana"|"http://dbpedia.org/resource/Ljubljana"|"city"|Place
550|"Kwaluseni"|"http://dbpedia.org/resource/Kwaluseni"|"city"|Place
551|"Geneva"|"http://dbpedia.org/resource/Geneva"|"city"|Place
552|"Dushanbe"|"http://dbpedia.org/resource/Dushanbe"|"city"|Place
553|"Montevideo"|"http://dbpedia.org/resource/Montevideo"|"city"|Place
554|"Swansea"|"http://dbpedia.org/resource/Swansea"|"city"|Place
555|"Guanhães"|"http://dbpedia.org/resource/Guanhães"|"city"|Place
556|"Santos"|"http://dbpedia.org/resource/Santos"|"city"|Place
557|"São_Luís"|"http://dbpedia.org/resource/São_Luís"|"city"|Place
558|"Novo_Hamburgo"|"http://dbpedia.org/resource/Novo_Hamburgo"|"city"|Place
559|"Rio_de_Janeiro"|"http://dbpedia.org/resource/Rio_de_Janeiro"|"city"|Place
560|"Petrópolis"|"http://dbpedia.org/resource/Petrópolis"|"city"|Place
561|"Passos"|"http://dbpedia.org/resource/Passos"|"city"|Place
562|"Curitiba"|"http://dbpedia.org/resource/Curitiba"|"city"|Place
563|"Poços_de_Caldas"|"http://dbpedia.org/resource/Poços_de_Caldas"|"city"|Place
564|"Santa_Maria"|"http://dbpedia.org/resource/Santa_Maria"|"city"|Place
565|"Goiânia"|"http://dbpedia.org/resource/Goiânia"|"city"|Place
566|"Londrina"|"http://dbpedia.org/resource/Londrina"|"city"|Place
567|"Diamantina"|"http://dbpedia.org/resource/Diamantina"|"city"|Place
568|"Feira_de_Santana"|"http://dbpedia.org/resource/Feira_de_Santana"|"city"|Place
569|"João_Monlevade"|"http://dbpedia.org/resource/João_Monlevade"|"city"|Place
570|"Barbacena"|"http://dbpedia.org/resource/Barbacena"|"city"|Place
571|"Manaus"|"http://dbpedia.org/resource/Manaus"|"city"|Place
572|"Campinas"|"http://dbpedia.org/resource/Campinas"|"city"|Place
573|"São_Carlos"|"http://dbpedia.org/resource/São_Carlos"|"city"|Place
574|"Carangola"|"http://dbpedia.org/resource/Carangola"|"city"|Place
575|"Bagé"|"http://dbpedia.org/resource/Bagé"|"city"|Place
576|"Lorena"|"http://dbpedia.org/resource/Lorena"|"city"|Place
577|"Campos_dos_Goytacazes"|"http://dbpedia.org/resource/Campos_dos_Goytacazes"|"city"|Place
578|"Salvador"|"http://dbpedia.org/resource/Salvador"|"city"|Place
579|"Ribeirão_Preto"|"http://dbpedia.org/resource/Ribeirão_Preto"|"city"|Place
580|"Lavras"|"http://dbpedia.org/resource/Lavras"|"city"|Place
581|"Criciúma"|"http://dbpedia.org/resource/Criciúma"|"city"|Place
582|"São_Paulo"|"http://dbpedia.org/resource/São_Paulo"|"city"|Place
583|"Recife"|"http://dbpedia.org/resource/Recife"|"city"|Place
584|"Porto_Alegre"|"http://dbpedia.org/resource/Porto_Alegre"|"city"|Place
585|"Uberlândia"|"http://dbpedia.org/resource/Uberlândia"|"city"|Place
586|"Belo_Horizonte"|"http://dbpedia.org/resource/Belo_Horizonte"|"city"|Place
587|"Serro"|"http://dbpedia.org/resource/Serro"|"city"|Place
588|"Brasília"|"http://dbpedia.org/resource/Brasília"|"city"|Place
589|"Itajubá"|"http://dbpedia.org/resource/Itajubá"|"city"|Place
590|"Lagoa_da_Prata"|"http://dbpedia.org/resource/Lagoa_da_Prata"|"city"|Place
591|"Campo_Grande"|"http://dbpedia.org/resource/Campo_Grande"|"city"|Place
592|"Niterói"|"http://dbpedia.org/resource/Niterói"|"city"|Place
593|"Pelotas"|"http://dbpedia.org/resource/Pelotas"|"city"|Place
594|"Contagem"|"http://dbpedia.org/resource/Contagem"|"city"|Place
595|"Wernigerode"|"http://dbpedia.org/resource/Wernigerode"|"city"|Place
596|"Greifswald"|"http://dbpedia.org/resource/Greifswald"|"city"|Place
597|"Darmstadt"|"http://dbpedia.org/resource/Darmstadt"|"city"|Place
598|"Friedberg"|"http://dbpedia.org/resource/Friedberg"|"city"|Place
599|"Wedel"|"http://dbpedia.org/resource/Wedel"|"city"|Place
600|"Möckern"|"http://dbpedia.org/resource/Möckern"|"city"|Place
601|"Ingolstadt"|"http://dbpedia.org/resource/Ingolstadt"|"city"|Place
602|"Heidelberg"|"http://dbpedia.org/resource/Heidelberg"|"city"|Place
603|"Speyer"|"http://dbpedia.org/resource/Speyer"|"city"|Place
604|"Lörrach"|"http://dbpedia.org/resource/Lörrach"|"city"|Place
605|"Ludwigsburg"|"http://dbpedia.org/resource/Ludwigsburg"|"city"|Place
606|"Fulda"|"http://dbpedia.org/resource/Fulda"|"city"|Place
607|"Augsburg"|"http://dbpedia.org/resource/Augsburg"|"city"|Place
608|"Berlin"|"http://dbpedia.org/resource/Berlin"|"city"|Place
609|"Munich"|"http://dbpedia.org/resource/Munich"|"city"|Place
610|"Kempten"|"http://dbpedia.org/resource/Kempten"|"city"|Place
611|"Koblenz"|"http://dbpedia.org/resource/Koblenz"|"city"|Place
612|"Trier"|"http://dbpedia.org/resource/Trier"|"city"|Place
613|"Othmarschen"|"http://dbpedia.org/resource/Othmarschen"|"city"|Place
614|"Freiburg_im_Breisgau"|"http://dbpedia.org/resource/Freiburg_im_Breisgau"|"city"|Place
615|"Hamburg"|"http://dbpedia.org/resource/Hamburg"|"city"|Place
616|"Hanover"|"http://dbpedia.org/resource/Hanover"|"city"|Place
617|"Nuremberg"|"http://dbpedia.org/resource/Nuremberg"|"city"|Place
618|"Reutlingen"|"http://dbpedia.org/resource/Reutlingen"|"city"|Place
619|"Ilmenau"|"http://dbpedia.org/resource/Ilmenau"|"city"|Place
620|"Stuttgart"|"http://dbpedia.org/resource/Stuttgart"|"city"|Place
621|"Aachen"|"http://dbpedia.org/resource/Aachen"|"city"|Place
622|"Frankfurt"|"http://dbpedia.org/resource/Frankfurt"|"city"|Place
623|"Flensburg"|"http://dbpedia.org/resource/Flensburg"|"city"|Place
624|"Mannheim"|"http://dbpedia.org/resource/Mannheim"|"city"|Place
625|"Mainz"|"http://dbpedia.org/resource/Mainz"|"city"|Place
626|"Iserlohn"|"http://dbpedia.org/resource/Iserlohn"|"city"|Place
627|"Leipzig"|"http://dbpedia.org/resource/Leipzig"|"city"|Place
628|"Cologne"|"http://dbpedia.org/resource/Cologne"|"city"|Place
629|"Heilbronn"|"http://dbpedia.org/resource/Heilbronn"|"city"|Place
630|"Konstanz"|"http://dbpedia.org/resource/Konstanz"|"city"|Place
631|"Wiesbaden"|"http://dbpedia.org/resource/Wiesbaden"|"city"|Place
632|"Lübeck"|"http://dbpedia.org/resource/Lübeck"|"city"|Place
633|"Kassel"|"http://dbpedia.org/resource/Kassel"|"city"|Place
634|"Weimar"|"http://dbpedia.org/resource/Weimar"|"city"|Place
635|"Gorontalo"|"http://dbpedia.org/resource/Gorontalo"|"city"|Place
636|"West_Java"|"http://dbpedia.org/resource/West_Java"|"city"|Place
637|"Surabaya"|"http://dbpedia.org/resource/Surabaya"|"city"|Place
638|"Depok"|"http://dbpedia.org/resource/Depok"|"city"|Place
639|"Bandar_Lampung"|"http://dbpedia.org/resource/Bandar_Lampung"|"city"|Place
640|"Tangerang"|"http://dbpedia.org/resource/Tangerang"|"city"|Place
641|"Surakarta"|"http://dbpedia.org/resource/Surakarta"|"city"|Place
642|"Makassar"|"http://dbpedia.org/resource/Makassar"|"city"|Place
643|"Yogyakarta"|"http://dbpedia.org/resource/Yogyakarta"|"city"|Place
644|"Bangkalan"|"http://dbpedia.org/resource/Bangkalan"|"city"|Place
645|"Ciputat"|"http://dbpedia.org/resource/Ciputat"|"city"|Place
646|"Manokwari_Regency"|"http://dbpedia.org/resource/Manokwari_Regency"|"city"|Place
647|"Purwokerto"|"http://dbpedia.org/resource/Purwokerto"|"city"|Place
648|"Samarinda"|"http://dbpedia.org/resource/Samarinda"|"city"|Place
649|"Serang"|"http://dbpedia.org/resource/Serang"|"city"|Place
650|"Bali"|"http://dbpedia.org/resource/Bali"|"city"|Place
651|"Padang"|"http://dbpedia.org/resource/Padang"|"city"|Place
652|"Semarang"|"http://dbpedia.org/resource/Semarang"|"city"|Place
653|"Manado"|"http://dbpedia.org/resource/Manado"|"city"|Place
654|"Central_Jakarta"|"http://dbpedia.org/resource/Central_Jakarta"|"city"|Place
655|"Medan"|"http://dbpedia.org/resource/Medan"|"city"|Place
656|"Bengkulu"|"http://dbpedia.org/resource/Bengkulu"|"city"|Place
657|"Manokwari"|"http://dbpedia.org/resource/Manokwari"|"city"|Place
658|"Jakarta"|"http://dbpedia.org/resource/Jakarta"|"city"|Place
659|"Tarakan"|"http://dbpedia.org/resource/Tarakan"|"city"|Place
660|"Bandung"|"http://dbpedia.org/resource/Bandung"|"city"|Place
661|"Banda_Aceh"|"http://dbpedia.org/resource/Banda_Aceh"|"city"|Place
662|"Banjarmasin"|"http://dbpedia.org/resource/Banjarmasin"|"city"|Place
663|"Jambi_City"|"http://dbpedia.org/resource/Jambi_City"|"city"|Place
664|"Pontianak"|"http://dbpedia.org/resource/Pontianak"|"city"|Place
665|"Mataram"|"http://dbpedia.org/resource/Mataram"|"city"|Place
666|"Jimbaran"|"http://dbpedia.org/resource/Jimbaran"|"city"|Place
667|"Ambon"|"http://dbpedia.org/resource/Ambon"|"city"|Place
668|"Badung_Regency"|"http://dbpedia.org/resource/Badung_Regency"|"city"|Place
669|"Kupang"|"http://dbpedia.org/resource/Kupang"|"city"|Place
670|"Magelang"|"http://dbpedia.org/resource/Magelang"|"city"|Place
671|"West_Papua"|"http://dbpedia.org/resource/West_Papua"|"city"|Place
672|"South_Tangerang"|"http://dbpedia.org/resource/South_Tangerang"|"city"|Place
673|"Tegal_Regency"|"http://dbpedia.org/resource/Tegal_Regency"|"city"|Place
674|"Nagoya"|"http://dbpedia.org/resource/Nagoya"|"city"|Place
675|"Yokosuka"|"http://dbpedia.org/resource/Yokosuka"|"city"|Place
676|"Chiba"|"http://dbpedia.org/resource/Chiba"|"city"|Place
677|"Chiyoda"|"http://dbpedia.org/resource/Chiyoda"|"city"|Place
678|"Shibuya"|"http://dbpedia.org/resource/Shibuya"|"city"|Place
679|"Nara"|"http://dbpedia.org/resource/Nara"|"city"|Place
680|"Hachiōji"|"http://dbpedia.org/resource/Hachiōji"|"city"|Place
681|"Sagamihara"|"http://dbpedia.org/resource/Sagamihara"|"city"|Place
682|"Ichikawa"|"http://dbpedia.org/resource/Ichikawa"|"city"|Place
683|"Kyoto"|"http://dbpedia.org/resource/Kyoto"|"city"|Place
684|"Gifu"|"http://dbpedia.org/resource/Gifu"|"city"|Place
685|"Toyoake"|"http://dbpedia.org/resource/Toyoake"|"city"|Place
686|"Fujisawa"|"http://dbpedia.org/resource/Fujisawa"|"city"|Place
687|"Okazaki"|"http://dbpedia.org/resource/Okazaki"|"city"|Place
688|"Hirosaki"|"http://dbpedia.org/resource/Hirosaki"|"city"|Place
689|"Nagakute"|"http://dbpedia.org/resource/Nagakute"|"city"|Place
690|"Akita_City"|"http://dbpedia.org/resource/Akita_City"|"city"|Place
691|"Nagasaki"|"http://dbpedia.org/resource/Nagasaki"|"city"|Place
692|"Shimonoseki"|"http://dbpedia.org/resource/Shimonoseki"|"city"|Place
693|"Aomori"|"http://dbpedia.org/resource/Aomori"|"city"|Place
694|"Tokyo"|"http://dbpedia.org/resource/Tokyo"|"city"|Place
695|"Toyohashi"|"http://dbpedia.org/resource/Toyohashi"|"city"|Place
696|"Toyota"|"http://dbpedia.org/resource/Toyota"|"city"|Place
697|"Owariasahi"|"http://dbpedia.org/resource/Owariasahi"|"city"|Place
698|"Bunkyo"|"http://dbpedia.org/resource/Bunkyo"|"city"|Place
699|"Hamamatsu"|"http://dbpedia.org/resource/Hamamatsu"|"city"|Place
700|"Nisshin"|"http://dbpedia.org/resource/Nisshin"|"city"|Place
701|"Niigata"|"http://dbpedia.org/resource/Niigata"|"city"|Place
702|"Machida"|"http://dbpedia.org/resource/Machida"|"city"|Place
703|"Osaka"|"http://dbpedia.org/resource/Osaka"|"city"|Place
704|"Aichi_Prefecture"|"http://dbpedia.org/resource/Aichi_Prefecture"|"city"|Place
705|"Sapporo"|"http://dbpedia.org/resource/Sapporo"|"city"|Place
706|"Setagaya"|"http://dbpedia.org/resource/Setagaya"|"city"|Place
707|"Hachinohe"|"http://dbpedia.org/resource/Hachinohe"|"city"|Place
708|"Yokohama"|"http://dbpedia.org/resource/Yokohama"|"city"|Place
709|"Atsugi"|"http://dbpedia.org/resource/Atsugi"|"city"|Place
710|"Kobe"|"http://dbpedia.org/resource/Kobe"|"city"|Place
711|"Kagoshima"|"http://dbpedia.org/resource/Kagoshima"|"city"|Place
712|"Tokushima"|"http://dbpedia.org/resource/Tokushima"|"city"|Place
713|"Chikusa-ku"|"http://dbpedia.org/resource/Chikusa-ku"|"city"|Place
714|"Monterrey"|"http://dbpedia.org/resource/Monterrey"|"city"|Place
715|"Mexicali"|"http://dbpedia.org/resource/Mexicali"|"city"|Place
716|"Chihuahua"|"http://dbpedia.org/resource/Chihuahua"|"city"|Place
717|"Zacapoaxtla"|"http://dbpedia.org/resource/Zacapoaxtla"|"city"|Place
718|"Culiacán"|"http://dbpedia.org/resource/Culiacán"|"city"|Place
719|"San_Nicolás_de_los_Garza"|"http://dbpedia.org/resource/San_Nicolás_de_los_Garza"|"city"|Place
720|"Guadalajara"|"http://dbpedia.org/resource/Guadalajara"|"city"|Place
721|"Villahermosa"|"http://dbpedia.org/resource/Villahermosa"|"city"|Place
722|"Antón_Lizardo"|"http://dbpedia.org/resource/Antón_Lizardo"|"city"|Place
723|"Ciudad_Obregón"|"http://dbpedia.org/resource/Ciudad_Obregón"|"city"|Place
724|"Tlalpan"|"http://dbpedia.org/resource/Tlalpan"|"city"|Place
725|"Saltillo"|"http://dbpedia.org/resource/Saltillo"|"city"|Place
726|"San_Pedro_Garza_García"|"http://dbpedia.org/resource/San_Pedro_Garza_García"|"city"|Place
727|"Montemorelos"|"http://dbpedia.org/resource/Montemorelos"|"city"|Place
728|"Pedro_Escobedo"|"http://dbpedia.org/resource/Pedro_Escobedo"|"city"|Place
729|"Ensenada"|"http://dbpedia.org/resource/Ensenada"|"city"|Place
730|"Mexico_City"|"http://dbpedia.org/resource/Mexico_City"|"city"|Place
731|"Querétaro"|"http://dbpedia.org/resource/Querétaro"|"city"|Place
732|"Puebla"|"http://dbpedia.org/resource/Puebla"|"city"|Place
733|"Toluca"|"http://dbpedia.org/resource/Toluca"|"city"|Place
734|"Oaxaca"|"http://dbpedia.org/resource/Oaxaca"|"city"|Place
735|"Jiquilpan"|"http://dbpedia.org/resource/Jiquilpan"|"city"|Place
736|"Irapuato"|"http://dbpedia.org/resource/Irapuato"|"city"|Place
737|"Tlatelolco"|"http://dbpedia.org/resource/Tlatelolco"|"city"|Place
738|"Ixtlán_de_Juárez"|"http://dbpedia.org/resource/Ixtlán_de_Juárez"|"city"|Place
739|"Altamira"|"http://dbpedia.org/resource/Altamira"|"city"|Place
740|"Mérida"|"http://dbpedia.org/resource/Mérida"|"city"|Place
741|"Tijuana"|"http://dbpedia.org/resource/Tijuana"|"city"|Place
742|"Santa_Catarina"|"http://dbpedia.org/resource/Santa_Catarina"|"city"|Place
743|"Colima"|"http://dbpedia.org/resource/Colima"|"city"|Place
744|"Campeche"|"http://dbpedia.org/resource/Campeche"|"city"|Place
745|"San_Luis_Potosí"|"http://dbpedia.org/resource/San_Luis_Potosí"|"city"|Place
746|"Cancún"|"http://dbpedia.org/resource/Cancún"|"city"|Place
747|"Coyoacán"|"http://dbpedia.org/resource/Coyoacán"|"city"|Place
748|"Tepic"|"http://dbpedia.org/resource/Tepic"|"city"|Place
749|"Hermosillo"|"http://dbpedia.org/resource/Hermosillo"|"city"|Place
750|"Chapingo"|"http://dbpedia.org/resource/Chapingo"|"city"|Place
751|"Morelia"|"http://dbpedia.org/resource/Morelia"|"city"|Place
752|"Nuevo_Laredo"|"http://dbpedia.org/resource/Nuevo_Laredo"|"city"|Place
753|"Sukkur"|"http://dbpedia.org/resource/Sukkur"|"city"|Place
754|"Khuzdar"|"http://dbpedia.org/resource/Khuzdar"|"city"|Place
755|"Larkana_District"|"http://dbpedia.org/resource/Larkana_District"|"city"|Place
756|"Jhang"|"http://dbpedia.org/resource/Jhang"|"city"|Place
757|"Nawabshah"|"http://dbpedia.org/resource/Nawabshah"|"city"|Place
758|"Swat"|"http://dbpedia.org/resource/Swat"|"city"|Place
759|"http://maps.google.com/maps?ll=25.530889,69.017306&spn=0.01,0.01&t=m&q=25.530889,69.017306"|"http://dbpedia.org/resource/http://maps.google.com/maps?ll=25.530889,69.017306&spn=0.01,0.01&t=m&q=25.530889,69.017306"|"city"|Place
760|"Sialkot"|"http://dbpedia.org/resource/Sialkot"|"city"|Place
761|"Ahmedpur_Sial"|"http://dbpedia.org/resource/Ahmedpur_Sial"|"city"|Place
762|"Lahore"|"http://dbpedia.org/resource/Lahore"|"city"|Place
763|"Kahuta"|"http://dbpedia.org/resource/Kahuta"|"city"|Place
764|"Shorkot"|"http://dbpedia.org/resource/Shorkot"|"city"|Place
765|"Mirpur"|"http://dbpedia.org/resource/Mirpur"|"city"|Place
766|"Swabi"|"http://dbpedia.org/resource/Swabi"|"city"|Place
767|"Taxila"|"http://dbpedia.org/resource/Taxila"|"city"|Place
768|"Kharian"|"http://dbpedia.org/resource/Kharian"|"city"|Place
769|"Quetta"|"http://dbpedia.org/resource/Quetta"|"city"|Place
770|"Faisalabad"|"http://dbpedia.org/resource/Faisalabad"|"city"|Place
771|"Topi"|"http://dbpedia.org/resource/Topi"|"city"|Place
772|"Karachi"|"http://dbpedia.org/resource/Karachi"|"city"|Place
773|"Tando_Jam"|"http://dbpedia.org/resource/Tando_Jam"|"city"|Place
774|"Surat,India"|"http://dbpedia.org/resource/Surat,India"|"city"|Place
775|"New_Muslim_Town"|"http://dbpedia.org/resource/New_Muslim_Town"|"city"|Place
776|"Multan"|"http://dbpedia.org/resource/Multan"|"city"|Place
777|"Islamabad"|"http://dbpedia.org/resource/Islamabad"|"city"|Place
778|"Risalpur"|"http://dbpedia.org/resource/Risalpur"|"city"|Place
779|"Islamabad/Rawalpindi,Lahore"|"http://dbpedia.org/resource/Islamabad/Rawalpindi,Lahore"|"city"|Place
780|"Major_Cities"|"http://dbpedia.org/resource/Major_Cities"|"city"|Place
781|"Bahria_Town"|"http://dbpedia.org/resource/Bahria_Town"|"city"|Place
782|"Peshawar"|"http://dbpedia.org/resource/Peshawar"|"city"|Place
783|"Dera_Ismail_Khan"|"http://dbpedia.org/resource/Dera_Ismail_Khan"|"city"|Place
784|"Abbottabad"|"http://dbpedia.org/resource/Abbottabad"|"city"|Place
785|"Jamshoro"|"http://dbpedia.org/resource/Jamshoro"|"city"|Place
786|"Rawalpindi"|"http://dbpedia.org/resource/Rawalpindi"|"city"|Place
787|"Wah_Cantonment"|"http://dbpedia.org/resource/Wah_Cantonment"|"city"|Place
788|"Khyber_Pakhtunkhwa"|"http://dbpedia.org/resource/Khyber_Pakhtunkhwa"|"city"|Place
789|"Sahiwal_Division"|"http://dbpedia.org/resource/Sahiwal_Division"|"city"|Place
790|"Nilore"|"http://dbpedia.org/resource/Nilore"|"city"|Place
791|"Rahim_Yar_Khan"|"http://dbpedia.org/resource/Rahim_Yar_Khan"|"city"|Place
792|"Khairpur"|"http://dbpedia.org/resource/Khairpur"|"city"|Place
793|"Iloilo_City"|"http://dbpedia.org/resource/Iloilo_City"|"city"|Place
794|"Cabuyao"|"http://dbpedia.org/resource/Cabuyao"|"city"|Place
795|"Kalibo"|"http://dbpedia.org/resource/Kalibo"|"city"|Place
796|"Davao_City"|"http://dbpedia.org/resource/Davao_City"|"city"|Place
797|"Iligan"|"http://dbpedia.org/resource/Iligan"|"city"|Place
798|"Mandaluyong"|"http://dbpedia.org/resource/Mandaluyong"|"city"|Place
799|"Tuguegarao"|"http://dbpedia.org/resource/Tuguegarao"|"city"|Place
800|"Manila"|"http://dbpedia.org/resource/Manila"|"city"|Place
801|"Cebu_City"|"http://dbpedia.org/resource/Cebu_City"|"city"|Place
802|"Roxas"|"http://dbpedia.org/resource/Roxas"|"city"|Place
803|"Pasay"|"http://dbpedia.org/resource/Pasay"|"city"|Place
804|"Laoag"|"http://dbpedia.org/resource/Laoag"|"city"|Place
805|"Legazpi"|"http://dbpedia.org/resource/Legazpi"|"city"|Place
806|"Ermita"|"http://dbpedia.org/resource/Ermita"|"city"|Place
807|"Dumaguete"|"http://dbpedia.org/resource/Dumaguete"|"city"|Place
808|"Bacolod"|"http://dbpedia.org/resource/Bacolod"|"city"|Place
809|"Los_Baños"|"http://dbpedia.org/resource/Los_Baños"|"city"|Place
810|"Silang"|"http://dbpedia.org/resource/Silang"|"city"|Place
811|"Taguig"|"http://dbpedia.org/resource/Taguig"|"city"|Place
812|"Biñan"|"http://dbpedia.org/resource/Biñan"|"city"|Place
813|"Lipa"|"http://dbpedia.org/resource/Lipa"|"city"|Place
814|"Zamboanga_City"|"http://dbpedia.org/resource/Zamboanga_City"|"city"|Place
815|"Intramuros"|"http://dbpedia.org/resource/Intramuros"|"city"|Place
816|"Malate"|"http://dbpedia.org/resource/Malate"|"city"|Place
817|"Dagupan"|"http://dbpedia.org/resource/Dagupan"|"city"|Place
818|"Angeles"|"http://dbpedia.org/resource/Angeles"|"city"|Place
819|"Makati"|"http://dbpedia.org/resource/Makati"|"city"|Place
820|"Tacloban"|"http://dbpedia.org/resource/Tacloban"|"city"|Place
821|"Cagayan_de_Oro"|"http://dbpedia.org/resource/Cagayan_de_Oro"|"city"|Place
822|"Cavite_City"|"http://dbpedia.org/resource/Cavite_City"|"city"|Place
823|"Quezon_City"|"http://dbpedia.org/resource/Quezon_City"|"city"|Place
824|"Sampaloc"|"http://dbpedia.org/resource/Sampaloc"|"city"|Place
825|"Bislig"|"http://dbpedia.org/resource/Bislig"|"city"|Place
826|"Tagbilaran"|"http://dbpedia.org/resource/Tagbilaran"|"city"|Place
827|"Santa_Rosa"|"http://dbpedia.org/resource/Santa_Rosa"|"city"|Place
828|"San_Miguel"|"http://dbpedia.org/resource/San_Miguel"|"city"|Place
829|"Cabanatuan"|"http://dbpedia.org/resource/Cabanatuan"|"city"|Place
830|"Malolos"|"http://dbpedia.org/resource/Malolos"|"city"|Place
831|"Naga"|"http://dbpedia.org/resource/Naga"|"city"|Place
832|"Tula"|"http://dbpedia.org/resource/Tula"|"city"|Place
833|"Rostov"|"http://dbpedia.org/resource/Rostov"|"city"|Place
834|"Vladivostok"|"http://dbpedia.org/resource/Vladivostok"|"city"|Place
835|"Zhukovsky"|"http://dbpedia.org/resource/Zhukovsky"|"city"|Place
836|"Yekaterinburg"|"http://dbpedia.org/resource/Yekaterinburg"|"city"|Place
837|"Perm"|"http://dbpedia.org/resource/Perm"|"city"|Place
838|"Yaroslavl"|"http://dbpedia.org/resource/Yaroslavl"|"city"|Place
839|"Krasnodar"|"http://dbpedia.org/resource/Krasnodar"|"city"|Place
840|"Biysk"|"http://dbpedia.org/resource/Biysk"|"city"|Place
841|"Barnaul"|"http://dbpedia.org/resource/Barnaul"|"city"|Place
842|"Kursk"|"http://dbpedia.org/resource/Kursk"|"city"|Place
843|"Saransk"|"http://dbpedia.org/resource/Saransk"|"city"|Place
844|"Saint_Petersburg"|"http://dbpedia.org/resource/Saint_Petersburg"|"city"|Place
845|"Moscow"|"http://dbpedia.org/resource/Moscow"|"city"|Place
846|"Kemerovo_Oblast"|"http://dbpedia.org/resource/Kemerovo_Oblast"|"city"|Place
847|"Omsk"|"http://dbpedia.org/resource/Omsk"|"city"|Place
848|"Bishkek"|"http://dbpedia.org/resource/Bishkek"|"city"|Place
849|"Magnitogorsk"|"http://dbpedia.org/resource/Magnitogorsk"|"city"|Place
850|"Murmansk"|"http://dbpedia.org/resource/Murmansk"|"city"|Place
851|"Tomsk"|"http://dbpedia.org/resource/Tomsk"|"city"|Place
852|"Monino"|"http://dbpedia.org/resource/Monino"|"city"|Place
853|"Kazan"|"http://dbpedia.org/resource/Kazan"|"city"|Place
854|"Ulyanovsk"|"http://dbpedia.org/resource/Ulyanovsk"|"city"|Place
855|"Ivanovo_Oblast"|"http://dbpedia.org/resource/Ivanovo_Oblast"|"city"|Place
856|"Vologda"|"http://dbpedia.org/resource/Vologda"|"city"|Place
857|"Pereslavl-Zalessky"|"http://dbpedia.org/resource/Pereslavl-Zalessky"|"city"|Place
858|"Krasnoyarsk"|"http://dbpedia.org/resource/Krasnoyarsk"|"city"|Place
859|"Voronezh"|"http://dbpedia.org/resource/Voronezh"|"city"|Place
860|"Ulan-Ude"|"http://dbpedia.org/resource/Ulan-Ude"|"city"|Place
861|"Chita"|"http://dbpedia.org/resource/Chita"|"city"|Place
862|"Skolkovo"|"http://dbpedia.org/resource/Skolkovo"|"city"|Place
863|"Saratov"|"http://dbpedia.org/resource/Saratov"|"city"|Place
864|"Izhevsk"|"http://dbpedia.org/resource/Izhevsk"|"city"|Place
865|"Moscow_International_Business_Center"|"http://dbpedia.org/resource/Moscow_International_Business_Center"|"city"|Place
866|"Belgorod"|"http://dbpedia.org/resource/Belgorod"|"city"|Place
867|"Ufa"|"http://dbpedia.org/resource/Ufa"|"city"|Place
868|"Volgograd"|"http://dbpedia.org/resource/Volgograd"|"city"|Place
869|"Zaoksky"|"http://dbpedia.org/resource/Zaoksky"|"city"|Place
870|"Gorno-Altaysk"|"http://dbpedia.org/resource/Gorno-Altaysk"|"city"|Place
871|"Irkutsk"|"http://dbpedia.org/resource/Irkutsk"|"city"|Place
872|"New_Haven"|"http://dbpedia.org/resource/New_Haven"|"city"|Place
873|"Nashville"|"http://dbpedia.org/resource/Nashville"|"city"|Place
874|"San_Francisco"|"http://dbpedia.org/resource/San_Francisco"|"city"|Place
875|"Chicago"|"http://dbpedia.org/resource/Chicago"|"city"|Place
876|"Lubbock"|"http://dbpedia.org/resource/Lubbock"|"city"|Place
877|"New_York_City"|"http://dbpedia.org/resource/New_York_City"|"city"|Place
878|"Gainesville"|"http://dbpedia.org/resource/Gainesville"|"city"|Place
879|"Philadelphia"|"http://dbpedia.org/resource/Philadelphia"|"city"|Place
880|"Richmond"|"http://dbpedia.org/resource/Richmond"|"city"|Place
881|"New_York"|"http://dbpedia.org/resource/New_York"|"city"|Place
882|"Columbus"|"http://dbpedia.org/resource/Columbus"|"city"|Place
883|"Indianapolis"|"http://dbpedia.org/resource/Indianapolis"|"city"|Place
884|"Columbia"|"http://dbpedia.org/resource/Columbia"|"city"|Place
885|"Phoenix"|"http://dbpedia.org/resource/Phoenix"|"city"|Place
886|"Notre_Damena"|"http://dbpedia.org/resource/Notre_Damena"|"city"|Place
887|"Pittsburgh"|"http://dbpedia.org/resource/Pittsburgh"|"city"|Place
888|"Los_Angeles"|"http://dbpedia.org/resource/Los_Angeles"|"city"|Place
889|"Ann_Arbor"|"http://dbpedia.org/resource/Ann_Arbor"|"city"|Place
890|"San_Diego"|"http://dbpedia.org/resource/San_Diego"|"city"|Place
891|"Berkeley"|"http://dbpedia.org/resource/Berkeley"|"city"|Place
892|"Atlanta"|"http://dbpedia.org/resource/Atlanta"|"city"|Place
893|"Jacksonville"|"http://dbpedia.org/resource/Jacksonville"|"city"|Place
894|"Orlando"|"http://dbpedia.org/resource/Orlando"|"city"|Place
895|"San_Antonio"|"http://dbpedia.org/resource/San_Antonio"|"city"|Place
896|"Milwaukee"|"http://dbpedia.org/resource/Milwaukee"|"city"|Place
897|"Cincinnati"|"http://dbpedia.org/resource/Cincinnati"|"city"|Place
898|"Fayetteville"|"http://dbpedia.org/resource/Fayetteville"|"city"|Place
899|"Austin"|"http://dbpedia.org/resource/Austin"|"city"|Place
900|"Baltimore"|"http://dbpedia.org/resource/Baltimore"|"city"|Place
901|"Houston"|"http://dbpedia.org/resource/Houston"|"city"|Place
902|"Cambridge"|"http://dbpedia.org/resource/Cambridge"|"city"|Place
903|"Tallahassee"|"http://dbpedia.org/resource/Tallahassee"|"city"|Place
904|"Boston"|"http://dbpedia.org/resource/Boston"|"city"|Place
905|"Washington"|"http://dbpedia.org/resource/Washington"|"city"|Place
906|"Minneapolis"|"http://dbpedia.org/resource/Minneapolis"|"city"|Place
907|"New_Orleans"|"http://dbpedia.org/resource/New_Orleans"|"city"|Place
908|"Cleveland"|"http://dbpedia.org/resource/Cleveland"|"city"|Place
909|"St._Louis"|"http://dbpedia.org/resource/St._Louis"|"city"|Place
910|"Portland"|"http://dbpedia.org/resource/Portland"|"city"|Place
911|"Ithaca"|"http://dbpedia.org/resource/Ithaca"|"city"|Place
912|"Tuyên_Quang"|"http://dbpedia.org/resource/Tuyên_Quang"|"city"|Place
913|"Quảng_Ngãi"|"http://dbpedia.org/resource/Quảng_Ngãi"|"city"|Place
914|"Quy_Nhơn"|"http://dbpedia.org/resource/Quy_Nhơn"|"city"|Place
915|"Thái_Nguyên"|"http://dbpedia.org/resource/Thái_Nguyên"|"city"|Place
916|"Hanoi"|"http://dbpedia.org/resource/Hanoi"|"city"|Place
917|"Nha_Trang"|"http://dbpedia.org/resource/Nha_Trang"|"city"|Place
918|"Đông_Hà"|"http://dbpedia.org/resource/Đông_Hà"|"city"|Place
919|"Đồng_Hới"|"http://dbpedia.org/resource/Đồng_Hới"|"city"|Place
920|"Bắc_Giang"|"http://dbpedia.org/resource/Bắc_Giang"|"city"|Place
921|"Bến"|"http://dbpedia.org/resource/Bến"|"city"|Place
922|"Da_Nang"|"http://dbpedia.org/resource/Da_Nang"|"city"|Place
923|"Nghe_An_province"|"http://dbpedia.org/resource/Nghe_An_province"|"city"|Place
924|"Long_Xuyen"|"http://dbpedia.org/resource/Long_Xuyen"|"city"|Place
925|"Biên_Hòa"|"http://dbpedia.org/resource/Biên_Hòa"|"city"|Place
926|"Thái_Bình"|"http://dbpedia.org/resource/Thái_Bình"|"city"|Place
927|"Mỹ_Tho"|"http://dbpedia.org/resource/Mỹ_Tho"|"city"|Place
928|"Sơn_La"|"http://dbpedia.org/resource/Sơn_La"|"city"|Place
929|"Phan_Rang–Tháp_Chàm"|"http://dbpedia.org/resource/Phan_Rang–Tháp_Chàm"|"city"|Place
930|"Móng_Cái"|"http://dbpedia.org/resource/Móng_Cái"|"city"|Place
931|"Phan_Thiết"|"http://dbpedia.org/resource/Phan_Thiết"|"city"|Place
932|"Thanh_Hóa"|"http://dbpedia.org/resource/Thanh_Hóa"|"city"|Place
933|"Điện_Biên_Phủ"|"http://dbpedia.org/resource/Điện_Biên_Phủ"|"city"|Place
934|"Trà_Vinh"|"http://dbpedia.org/resource/Trà_Vinh"|"city"|Place
935|"Phủ_Lý"|"http://dbpedia.org/resource/Phủ_Lý"|"city"|Place
936|"Tuy_Hòa"|"http://dbpedia.org/resource/Tuy_Hòa"|"city"|Place
937|"Hung_Yen_province"|"http://dbpedia.org/resource/Hung_Yen_province"|"city"|Place
938|"Tân_An"|"http://dbpedia.org/resource/Tân_An"|"city"|Place
939|"Sóc_Trăng"|"http://dbpedia.org/resource/Sóc_Trăng"|"city"|Place
940|"Cần_Thơ"|"http://dbpedia.org/resource/Cần_Thơ"|"city"|Place
941|"Huế"|"http://dbpedia.org/resource/Huế"|"city"|Place
942|"Tam_Kỳ"|"http://dbpedia.org/resource/Tam_Kỳ"|"city"|Place
943|"Gia_lam"|"http://dbpedia.org/resource/Gia_lam"|"city"|Place
944|"Rạch_Giá"|"http://dbpedia.org/resource/Rạch_Giá"|"city"|Place
945|"Cua_Lo"|"http://dbpedia.org/resource/Cua_Lo"|"city"|Place
946|"Bạc_Liêu"|"http://dbpedia.org/resource/Bạc_Liêu"|"city"|Place
947|"Ho_Chi_Minh_City"|"http://dbpedia.org/resource/Ho_Chi_Minh_City"|"city"|Place
948|"Bà_Rịa"|"http://dbpedia.org/resource/Bà_Rịa"|"city"|Place
949|"Đà_Lạt"|"http://dbpedia.org/resource/Đà_Lạt"|"city"|Place
950|"Pleiku"|"http://dbpedia.org/resource/Pleiku"|"city"|Place
951|"Puli_Khumri"|"http://dbpedia.org/resource/Puli_Khumri"|"city"|Place
952|"Lashkar_Gah"|"http://dbpedia.org/resource/Lashkar_Gah"|"city"|Place
953|"Jalalabad"|"http://dbpedia.org/resource/Jalalabad"|"city"|Place
954|"Asadabad"|"http://dbpedia.org/resource/Asadabad"|"city"|Place
955|"Kabul"|"http://dbpedia.org/resource/Kabul"|"city"|Place
956|"Kandahar"|"http://dbpedia.org/resource/Kandahar"|"city"|Place
957|"Gardēz"|"http://dbpedia.org/resource/Gardēz"|"city"|Place
958|"Herat"|"http://dbpedia.org/resource/Herat"|"city"|Place
959|"Khost"|"http://dbpedia.org/resource/Khost"|"city"|Place
960|"Algiers"|"http://dbpedia.org/resource/Algiers"|"city"|Place
961|"Batna"|"http://dbpedia.org/resource/Batna"|"city"|Place
962|"Tiaret"|"http://dbpedia.org/resource/Tiaret"|"city"|Place
963|"El_Harrach"|"http://dbpedia.org/resource/El_Harrach"|"city"|Place
964|"Guelma"|"http://dbpedia.org/resource/Guelma"|"city"|Place
965|"Bab_Ezzouar"|"http://dbpedia.org/resource/Bab_Ezzouar"|"city"|Place
966|"Chief"|"http://dbpedia.org/resource/Chief"|"city"|Place
967|"Annaba"|"http://dbpedia.org/resource/Annaba"|"city"|Place
968|"El_Oued"|"http://dbpedia.org/resource/El_Oued"|"city"|Place
969|"Oran"|"http://dbpedia.org/resource/Oran"|"city"|Place
970|"Córdoba"|"http://dbpedia.org/resource/Córdoba"|"city"|Place
971|"Mendoza"|"http://dbpedia.org/resource/Mendoza"|"city"|Place
972|"Buenos_Aires"|"http://dbpedia.org/resource/Buenos_Aires"|"city"|Place
973|"Various"|"http://dbpedia.org/resource/Various"|"city"|Place
974|"Posadas"|"http://dbpedia.org/resource/Posadas"|"city"|Place
975|"San_Martín"|"http://dbpedia.org/resource/San_Martín"|"city"|Place
976|"Corrientes"|"http://dbpedia.org/resource/Corrientes"|"city"|Place
977|"Presidencia_Roque_Sáenz_Peña"|"http://dbpedia.org/resource/Presidencia_Roque_Sáenz_Peña"|"city"|Place
978|"Rosario"|"http://dbpedia.org/resource/Rosario"|"city"|Place
979|"San_Miguel_de_Tucumán"|"http://dbpedia.org/resource/San_Miguel_de_Tucumán"|"city"|Place
980|"Geelong"|"http://dbpedia.org/resource/Geelong"|"city"|Place
981|"Sydney"|"http://dbpedia.org/resource/Sydney"|"city"|Place
982|"Canberra"|"http://dbpedia.org/resource/Canberra"|"city"|Place
983|"Brisbane"|"http://dbpedia.org/resource/Brisbane"|"city"|Place
984|"Melbourne"|"http://dbpedia.org/resource/Melbourne"|"city"|Place
985|"Perth"|"http://dbpedia.org/resource/Perth"|"city"|Place
986|"Darlington"|"http://dbpedia.org/resource/Darlington"|"city"|Place
987|"Camperdown"|"http://dbpedia.org/resource/Camperdown"|"city"|Place
988|"Parkville"|"http://dbpedia.org/resource/Parkville"|"city"|Place
989|"Adelaide"|"http://dbpedia.org/resource/Adelaide"|"city"|Place
990|"Vitebsk"|"http://dbpedia.org/resource/Vitebsk"|"city"|Place
991|"Baranovichi"|"http://dbpedia.org/resource/Baranovichi"|"city"|Place
992|"Bobruysk"|"http://dbpedia.org/resource/Bobruysk"|"city"|Place
993|"Mogilev"|"http://dbpedia.org/resource/Mogilev"|"city"|Place
994|"Gomel"|"http://dbpedia.org/resource/Gomel"|"city"|Place
995|"Borisov"|"http://dbpedia.org/resource/Borisov"|"city"|Place
996|"Minsk"|"http://dbpedia.org/resource/Minsk"|"city"|Place
997|"Brest"|"http://dbpedia.org/resource/Brest"|"city"|Place
998|"Grodno"|"http://dbpedia.org/resource/Grodno"|"city"|Place
999|"Barysaw"|"http://dbpedia.org/resource/Barysaw"|"city"|Place
1000|"Liège"|"http://dbpedia.org/resource/Liège"|"city"|Place
1001|"Leuven"|"http://dbpedia.org/resource/Leuven"|"city"|Place
1002|"Paris"|"http://dbpedia.org/resource/Paris"|"city"|Place
1003|"Tonbridge"|"http://dbpedia.org/resource/Tonbridge"|"city"|Place
1004|"Antwerp"|"http://dbpedia.org/resource/Antwerp"|"city"|Place
1005|"Ottignies-Louvain-la-Neuve"|"http://dbpedia.org/resource/Ottignies-Louvain-la-Neuve"|"city"|Place
1006|"Canterbury"|"http://dbpedia.org/resource/Canterbury"|"city"|Place
1007|"Medway"|"http://dbpedia.org/resource/Medway"|"city"|Place
1008|"Ghent"|"http://dbpedia.org/resource/Ghent"|"city"|Place
1009|"Brussels"|"http://dbpedia.org/resource/Brussels"|"city"|Place
1010|"Taungoo_Township"|"http://dbpedia.org/resource/Taungoo_Township"|"city"|Place
1011|"Sittwe_District"|"http://dbpedia.org/resource/Sittwe_District"|"city"|Place
1012|"Lanmadaw_Township"|"http://dbpedia.org/resource/Lanmadaw_Township"|"city"|Place
1013|"Mayangone"|"http://dbpedia.org/resource/Mayangone"|"city"|Place
1014|"Insein_Township"|"http://dbpedia.org/resource/Insein_Township"|"city"|Place
1015|"Taungoo"|"http://dbpedia.org/resource/Taungoo"|"city"|Place
1016|"Yangon"|"http://dbpedia.org/resource/Yangon"|"city"|Place
1017|"Loikaw"|"http://dbpedia.org/resource/Loikaw"|"city"|Place
1018|"Pyin_U_Lwin"|"http://dbpedia.org/resource/Pyin_U_Lwin"|"city"|Place
1019|"Meiktila"|"http://dbpedia.org/resource/Meiktila"|"city"|Place
1020|"Toronto"|"http://dbpedia.org/resource/Toronto"|"city"|Place
1021|"Fredericton"|"http://dbpedia.org/resource/Fredericton"|"city"|Place
1022|"Edmonton"|"http://dbpedia.org/resource/Edmonton"|"city"|Place
1023|"Ottawa"|"http://dbpedia.org/resource/Ottawa"|"city"|Place
1024|"London"|"http://dbpedia.org/resource/London"|"city"|Place
1025|"Winnipeg"|"http://dbpedia.org/resource/Winnipeg"|"city"|Place
1026|"Hamilton"|"http://dbpedia.org/resource/Hamilton"|"city"|Place
1027|"Saskatoon"|"http://dbpedia.org/resource/Saskatoon"|"city"|Place
1028|"Vancouver"|"http://dbpedia.org/resource/Vancouver"|"city"|Place
1029|"Montreal"|"http://dbpedia.org/resource/Montreal"|"city"|Place
1030|"Kampong_Cham"|"http://dbpedia.org/resource/Kampong_Cham"|"city"|Place
1031|"Siem_Reap"|"http://dbpedia.org/resource/Siem_Reap"|"city"|Place
1032|"Kampong_Speu"|"http://dbpedia.org/resource/Kampong_Speu"|"city"|Place
1033|"Ta_Khmau"|"http://dbpedia.org/resource/Ta_Khmau"|"city"|Place
1034|"Pray_Veng"|"http://dbpedia.org/resource/Pray_Veng"|"city"|Place
1035|"Battambang"|"http://dbpedia.org/resource/Battambang"|"city"|Place
1036|"Borey_Seang_Nam"|"http://dbpedia.org/resource/Borey_Seang_Nam"|"city"|Place
1037|"Phnom_Penh"|"http://dbpedia.org/resource/Phnom_Penh"|"city"|Place
1038|"Sihanoukville"|"http://dbpedia.org/resource/Sihanoukville"|"city"|Place
1039|"Pursat"|"http://dbpedia.org/resource/Pursat"|"city"|Place
1040|"Mokolo"|"http://dbpedia.org/resource/Mokolo"|"city"|Place
1041|"Baffoussam"|"http://dbpedia.org/resource/Baffoussam"|"city"|Place
1042|"Garoua"|"http://dbpedia.org/resource/Garoua"|"city"|Place
1043|"Bangangté"|"http://dbpedia.org/resource/Bangangté"|"city"|Place
1044|"Maroua"|"http://dbpedia.org/resource/Maroua"|"city"|Place
1045|"Buea"|"http://dbpedia.org/resource/Buea"|"city"|Place
1046|"Kumba"|"http://dbpedia.org/resource/Kumba"|"city"|Place
1047|"Yaoundé"|"http://dbpedia.org/resource/Yaoundé"|"city"|Place
1048|"Bamenda"|"http://dbpedia.org/resource/Bamenda"|"city"|Place
1049|"Douala"|"http://dbpedia.org/resource/Douala"|"city"|Place
1050|"Valdivia"|"http://dbpedia.org/resource/Valdivia"|"city"|Place
1051|"Santiago"|"http://dbpedia.org/resource/Santiago"|"city"|Place
1052|"Antofagasta"|"http://dbpedia.org/resource/Antofagasta"|"city"|Place
1053|"Iquique"|"http://dbpedia.org/resource/Iquique"|"city"|Place
1054|"Valparaíso"|"http://dbpedia.org/resource/Valparaíso"|"city"|Place
1055|"Temuco"|"http://dbpedia.org/resource/Temuco"|"city"|Place
1056|"Viña_del_Mar"|"http://dbpedia.org/resource/Viña_del_Mar"|"city"|Place
1057|"Puerto_Montt"|"http://dbpedia.org/resource/Puerto_Montt"|"city"|Place
1058|"Osorno"|"http://dbpedia.org/resource/Osorno"|"city"|Place
1059|"Concepción"|"http://dbpedia.org/resource/Concepción"|"city"|Place
1060|"Bogotá"|"http://dbpedia.org/resource/Bogotá"|"city"|Place
1061|"Cartagena"|"http://dbpedia.org/resource/Cartagena"|"city"|Place
1062|"Pamplona"|"http://dbpedia.org/resource/Pamplona"|"city"|Place
1063|"Manizales"|"http://dbpedia.org/resource/Manizales"|"city"|Place
1064|"Armenia"|"http://dbpedia.org/resource/Armenia"|"city"|Place
1065|"Bucaramanga"|"http://dbpedia.org/resource/Bucaramanga"|"city"|Place
1066|"Cali"|"http://dbpedia.org/resource/Cali"|"city"|Place
1067|"Barranquilla"|"http://dbpedia.org/resource/Barranquilla"|"city"|Place
1068|"Tunja"|"http://dbpedia.org/resource/Tunja"|"city"|Place
1069|"Medellín"|"http://dbpedia.org/resource/Medellín"|"city"|Place
1070|"Havana"|"http://dbpedia.org/resource/Havana"|"city"|Place
1071|"Marianao"|"http://dbpedia.org/resource/Marianao"|"city"|Place
1072|"Santiago_de_Cuba"|"http://dbpedia.org/resource/Santiago_de_Cuba"|"city"|Place
1073|"Jagüey_Grande"|"http://dbpedia.org/resource/Jagüey_Grande"|"city"|Place
1074|"Cienfuegos"|"http://dbpedia.org/resource/Cienfuegos"|"city"|Place
1075|"Matanzas"|"http://dbpedia.org/resource/Matanzas"|"city"|Place
1076|"Pinar_del_Río"|"http://dbpedia.org/resource/Pinar_del_Río"|"city"|Place
1077|"Ciego_de_Ávila"|"http://dbpedia.org/resource/Ciego_de_Ávila"|"city"|Place
1078|"Santa_Clara"|"http://dbpedia.org/resource/Santa_Clara"|"city"|Place
1079|"Camagüey"|"http://dbpedia.org/resource/Camagüey"|"city"|Place
1080|"Ostrava"|"http://dbpedia.org/resource/Ostrava"|"city"|Place
1081|"Liberec"|"http://dbpedia.org/resource/Liberec"|"city"|Place
1082|"Prague"|"http://dbpedia.org/resource/Prague"|"city"|Place
1083|"Mladá_Boleslav"|"http://dbpedia.org/resource/Mladá_Boleslav"|"city"|Place
1084|"České_Budějovice"|"http://dbpedia.org/resource/České_Budějovice"|"city"|Place
1085|"Ústí_nad_Labem"|"http://dbpedia.org/resource/Ústí_nad_Labem"|"city"|Place
1086|"Hradec_Králové"|"http://dbpedia.org/resource/Hradec_Králové"|"city"|Place
1087|"Brno"|"http://dbpedia.org/resource/Brno"|"city"|Place
1088|"Moravia"|"http://dbpedia.org/resource/Moravia"|"city"|Place
1089|"Olomouc"|"http://dbpedia.org/resource/Olomouc"|"city"|Place
1090|"Kinshasa"|"http://dbpedia.org/resource/Kinshasa"|"city"|Place
1091|"Bandundu"|"http://dbpedia.org/resource/Bandundu"|"city"|Place
1092|"Baraka"|"http://dbpedia.org/resource/Baraka"|"city"|Place
1093|"Boma"|"http://dbpedia.org/resource/Boma"|"city"|Place
1094|"Bukavu"|"http://dbpedia.org/resource/Bukavu"|"city"|Place
1095|"Goma"|"http://dbpedia.org/resource/Goma"|"city"|Place
1096|"Kisangani"|"http://dbpedia.org/resource/Kisangani"|"city"|Place
1097|"Kananga"|"http://dbpedia.org/resource/Kananga"|"city"|Place
1098|"Lubumbashi"|"http://dbpedia.org/resource/Lubumbashi"|"city"|Place
1099|"Bas-Congo"|"http://dbpedia.org/resource/Bas-Congo"|"city"|Place
1100|"Alexandria"|"http://dbpedia.org/resource/Alexandria"|"city"|Place
1101|"Monufia_Governorate"|"http://dbpedia.org/resource/Monufia_Governorate"|"city"|Place
1102|"Cairo"|"http://dbpedia.org/resource/Cairo"|"city"|Place
1103|"Beni_Suef"|"http://dbpedia.org/resource/Beni_Suef"|"city"|Place
1104|"Giza"|"http://dbpedia.org/resource/Giza"|"city"|Place
1105|"El_Shorouk"|"http://dbpedia.org/resource/El_Shorouk"|"city"|Place
1106|"New_Cairo"|"http://dbpedia.org/resource/New_Cairo"|"city"|Place
1107|"Ramadan_City"|"http://dbpedia.org/resource/Ramadan_City"|"city"|Place
1108|"Bilbeis"|"http://dbpedia.org/resource/Bilbeis"|"city"|Place
1109|"Sohag"|"http://dbpedia.org/resource/Sohag"|"city"|Place
1110|"Southampton"|"http://dbpedia.org/resource/Southampton"|"city"|Place
1111|"Manchester"|"http://dbpedia.org/resource/Manchester"|"city"|Place
1112|"Leicester"|"http://dbpedia.org/resource/Leicester"|"city"|Place
1113|"Newcastle_upon_Tyne"|"http://dbpedia.org/resource/Newcastle_upon_Tyne"|"city"|Place
1114|"Durham"|"http://dbpedia.org/resource/Durham"|"city"|Place
1115|"Birmingham"|"http://dbpedia.org/resource/Birmingham"|"city"|Place
1116|"York"|"http://dbpedia.org/resource/York"|"city"|Place
1117|"Sheffield"|"http://dbpedia.org/resource/Sheffield"|"city"|Place
1118|"Leeds"|"http://dbpedia.org/resource/Leeds"|"city"|Place
1119|"Dire_Dawa"|"http://dbpedia.org/resource/Dire_Dawa"|"city"|Place
1120|"Debre_Marqos"|"http://dbpedia.org/resource/Debre_Marqos"|"city"|Place
1121|"Nekemte"|"http://dbpedia.org/resource/Nekemte"|"city"|Place
1122|"Awasa"|"http://dbpedia.org/resource/Awasa"|"city"|Place
1123|"Mek'ele"|"http://dbpedia.org/resource/Mek'ele"|"city"|Place
1124|"Bahir_Dar"|"http://dbpedia.org/resource/Bahir_Dar"|"city"|Place
1125|"Addis_Ababa"|"http://dbpedia.org/resource/Addis_Ababa"|"city"|Place
1126|"Mettu"|"http://dbpedia.org/resource/Mettu"|"city"|Place
1127|"Adama"|"http://dbpedia.org/resource/Adama"|"city"|Place
1128|"Jimma"|"http://dbpedia.org/resource/Jimma"|"city"|Place
1129|"Lyon"|"http://dbpedia.org/resource/Lyon"|"city"|Place
1130|"Toulouse"|"http://dbpedia.org/resource/Toulouse"|"city"|Place
1131|"Montpellier"|"http://dbpedia.org/resource/Montpellier"|"city"|Place
1132|"Lille"|"http://dbpedia.org/resource/Lille"|"city"|Place
1133|"Aix-en-Provence"|"http://dbpedia.org/resource/Aix-en-Provence"|"city"|Place
1134|"Évry"|"http://dbpedia.org/resource/Évry"|"city"|Place
1135|"Nancy"|"http://dbpedia.org/resource/Nancy"|"city"|Place
1136|"Grenoble"|"http://dbpedia.org/resource/Grenoble"|"city"|Place
1137|"Nantes"|"http://dbpedia.org/resource/Nantes"|"city"|Place
1138|"Thessaloniki"|"http://dbpedia.org/resource/Thessaloniki"|"city"|Place
1139|"Kozani"|"http://dbpedia.org/resource/Kozani"|"city"|Place
1140|"Patras"|"http://dbpedia.org/resource/Patras"|"city"|Place
1141|"Kalamata"|"http://dbpedia.org/resource/Kalamata"|"city"|Place
1142|"Athens"|"http://dbpedia.org/resource/Athens"|"city"|Place
1143|"Trikala"|"http://dbpedia.org/resource/Trikala"|"city"|Place
1144|"Crete"|"http://dbpedia.org/resource/Crete"|"city"|Place
1145|"Karditsa"|"http://dbpedia.org/resource/Karditsa"|"city"|Place
1146|"Piraeus"|"http://dbpedia.org/resource/Piraeus"|"city"|Place
1147|"Larissa"|"http://dbpedia.org/resource/Larissa"|"city"|Place
1148|"Győr"|"http://dbpedia.org/resource/Győr"|"city"|Place
1149|"Budapest"|"http://dbpedia.org/resource/Budapest"|"city"|Place
1150|"Szeged"|"http://dbpedia.org/resource/Szeged"|"city"|Place
1151|"Esztergom"|"http://dbpedia.org/resource/Esztergom"|"city"|Place
1152|"Salgótarján"|"http://dbpedia.org/resource/Salgótarján"|"city"|Place
1153|"Zalaegerszeg"|"http://dbpedia.org/resource/Zalaegerszeg"|"city"|Place
1154|"Visonta"|"http://dbpedia.org/resource/Visonta"|"city"|Place
1155|"Debrecen"|"http://dbpedia.org/resource/Debrecen"|"city"|Place
1156|"Veszprém"|"http://dbpedia.org/resource/Veszprém"|"city"|Place
1157|"Piliscsaba"|"http://dbpedia.org/resource/Piliscsaba"|"city"|Place
1158|"Shiraz"|"http://dbpedia.org/resource/Shiraz"|"city"|Place
1159|"Shahrekord"|"http://dbpedia.org/resource/Shahrekord"|"city"|Place
1160|"Babol"|"http://dbpedia.org/resource/Babol"|"city"|Place
1161|"Mashhad"|"http://dbpedia.org/resource/Mashhad"|"city"|Place
1162|"Zanjan"|"http://dbpedia.org/resource/Zanjan"|"city"|Place
1163|"Qazvin"|"http://dbpedia.org/resource/Qazvin"|"city"|Place
1164|"Tabriz"|"http://dbpedia.org/resource/Tabriz"|"city"|Place
1165|"Isfahan"|"http://dbpedia.org/resource/Isfahan"|"city"|Place
1166|"Tehran"|"http://dbpedia.org/resource/Tehran"|"city"|Place
1167|"Qom"|"http://dbpedia.org/resource/Qom"|"city"|Place
1168|"Venice"|"http://dbpedia.org/resource/Venice"|"city"|Place
1169|"Pisa"|"http://dbpedia.org/resource/Pisa"|"city"|Place
1170|"Naples"|"http://dbpedia.org/resource/Naples"|"city"|Place
1171|"Trieste"|"http://dbpedia.org/resource/Trieste"|"city"|Place
1172|"Milan"|"http://dbpedia.org/resource/Milan"|"city"|Place
1173|"Rome"|"http://dbpedia.org/resource/Rome"|"city"|Place
1174|"Pavia"|"http://dbpedia.org/resource/Pavia"|"city"|Place
1175|"Florence"|"http://dbpedia.org/resource/Florence"|"city"|Place
1176|"Turin"|"http://dbpedia.org/resource/Turin"|"city"|Place
1177|"Brescia"|"http://dbpedia.org/resource/Brescia"|"city"|Place
1178|"Astana"|"http://dbpedia.org/resource/Astana"|"city"|Place
1179|"Aktobe"|"http://dbpedia.org/resource/Aktobe"|"city"|Place
1180|"Karagandy"|"http://dbpedia.org/resource/Karagandy"|"city"|Place
1181|"Oskemen"|"http://dbpedia.org/resource/Oskemen"|"city"|Place
1182|"Pavlodar"|"http://dbpedia.org/resource/Pavlodar"|"city"|Place
1183|"Taraz"|"http://dbpedia.org/resource/Taraz"|"city"|Place
1184|"Semey"|"http://dbpedia.org/resource/Semey"|"city"|Place
1185|"Shymkent"|"http://dbpedia.org/resource/Shymkent"|"city"|Place
1186|"Almaty"|"http://dbpedia.org/resource/Almaty"|"city"|Place
1187|"Oral"|"http://dbpedia.org/resource/Oral"|"city"|Place
1188|"Machakos"|"http://dbpedia.org/resource/Machakos"|"city"|Place
1189|"Eldoret"|"http://dbpedia.org/resource/Eldoret"|"city"|Place
1190|"Kikuyu"|"http://dbpedia.org/resource/Kikuyu"|"city"|Place
1191|"Kitengela"|"http://dbpedia.org/resource/Kitengela"|"city"|Place
1192|"Nakuru"|"http://dbpedia.org/resource/Nakuru"|"city"|Place
1193|"Kitale"|"http://dbpedia.org/resource/Kitale"|"city"|Place
1194|"Thika"|"http://dbpedia.org/resource/Thika"|"city"|Place
1195|"Nairobi"|"http://dbpedia.org/resource/Nairobi"|"city"|Place
1196|"Nyeri"|"http://dbpedia.org/resource/Nyeri"|"city"|Place
1197|"Ambovombe"|"http://dbpedia.org/resource/Ambovombe"|"city"|Place
1198|"Amparafaravola"|"http://dbpedia.org/resource/Amparafaravola"|"city"|Place
1199|"Mahajanga"|"http://dbpedia.org/resource/Mahajanga"|"city"|Place
1200|"Antsirabe"|"http://dbpedia.org/resource/Antsirabe"|"city"|Place
1201|"Antananarivo"|"http://dbpedia.org/resource/Antananarivo"|"city"|Place
1202|"Toamasina"|"http://dbpedia.org/resource/Toamasina"|"city"|Place
1203|"Fianarantosa"|"http://dbpedia.org/resource/Fianarantosa"|"city"|Place
1204|"Antanifotsy"|"http://dbpedia.org/resource/Antanifotsy"|"city"|Place
1205|"Toliara"|"http://dbpedia.org/resource/Toliara"|"city"|Place
1206|"Antsiranana"|"http://dbpedia.org/resource/Antsiranana"|"city"|Place
1207|"Cyberjaya"|"http://dbpedia.org/resource/Cyberjaya"|"city"|Place
1208|"Kuching"|"http://dbpedia.org/resource/Kuching"|"city"|Place
1209|"Nilai"|"http://dbpedia.org/resource/Nilai"|"city"|Place
1210|"George_Town"|"http://dbpedia.org/resource/George_Town"|"city"|Place
1211|"Penang"|"http://dbpedia.org/resource/Penang"|"city"|Place
1212|"Selangor"|"http://dbpedia.org/resource/Selangor"|"city"|Place
1213|"Wilayah_Persekutuan_Kuala_Lumpur"|"http://dbpedia.org/resource/Wilayah_Persekutuan_Kuala_Lumpur"|"city"|Place
1214|"Kuala_Lumpur"|"http://dbpedia.org/resource/Kuala_Lumpur"|"city"|Place
1215|"Terengganu"|"http://dbpedia.org/resource/Terengganu"|"city"|Place
1216|"Shah_Alam"|"http://dbpedia.org/resource/Shah_Alam"|"city"|Place
1217|"Codru"|"http://dbpedia.org/resource/Codru"|"city"|Place
1218|"Ungheni"|"http://dbpedia.org/resource/Ungheni"|"city"|Place
1219|"Orhei"|"http://dbpedia.org/resource/Orhei"|"city"|Place
1220|"Comrat"|"http://dbpedia.org/resource/Comrat"|"city"|Place
1221|"Cahul"|"http://dbpedia.org/resource/Cahul"|"city"|Place
1222|"Tiraspol"|"http://dbpedia.org/resource/Tiraspol"|"city"|Place
1223|"Chişinău"|"http://dbpedia.org/resource/Chişinău"|"city"|Place
1224|"Balti"|"http://dbpedia.org/resource/Balti"|"city"|Place
1225|"Bender"|"http://dbpedia.org/resource/Bender"|"city"|Place
1226|"Soroca"|"http://dbpedia.org/resource/Soroca"|"city"|Place
1227|"Oujda"|"http://dbpedia.org/resource/Oujda"|"city"|Place
1228|"Casablanca"|"http://dbpedia.org/resource/Casablanca"|"city"|Place
1229|"Marrakech"|"http://dbpedia.org/resource/Marrakech"|"city"|Place
1230|"Rabat"|"http://dbpedia.org/resource/Rabat"|"city"|Place
1231|"Sale"|"http://dbpedia.org/resource/Sale"|"city"|Place
1232|"Ifrane"|"http://dbpedia.org/resource/Ifrane"|"city"|Place
1233|"Agadir"|"http://dbpedia.org/resource/Agadir"|"city"|Place
1234|"Fes"|"http://dbpedia.org/resource/Fes"|"city"|Place
1235|"Meknes"|"http://dbpedia.org/resource/Meknes"|"city"|Place
1236|"Tangier-Tetouan"|"http://dbpedia.org/resource/Tangier-Tetouan"|"city"|Place
1237|"Nala"|"http://dbpedia.org/resource/Nala"|"city"|Place
1238|"Kirtipur"|"http://dbpedia.org/resource/Kirtipur"|"city"|Place
1239|"Balkumari"|"http://dbpedia.org/resource/Balkumari"|"city"|Place
1240|"Lumbini"|"http://dbpedia.org/resource/Lumbini"|"city"|Place
1241|"Pokhara"|"http://dbpedia.org/resource/Pokhara"|"city"|Place
1242|"Dharan"|"http://dbpedia.org/resource/Dharan"|"city"|Place
1243|"Gwarko"|"http://dbpedia.org/resource/Gwarko"|"city"|Place
1244|"Lalitpur"|"http://dbpedia.org/resource/Lalitpur"|"city"|Place
1245|"Kathmandu"|"http://dbpedia.org/resource/Kathmandu"|"city"|Place
1246|"Rajbiraj"|"http://dbpedia.org/resource/Rajbiraj"|"city"|Place
1247|"Groningen"|"http://dbpedia.org/resource/Groningen"|"city"|Place
1248|"The_Hague"|"http://dbpedia.org/resource/The_Hague"|"city"|Place
1249|"Heerlen"|"http://dbpedia.org/resource/Heerlen"|"city"|Place
1250|"Leiden"|"http://dbpedia.org/resource/Leiden"|"city"|Place
1251|"Maastricht"|"http://dbpedia.org/resource/Maastricht"|"city"|Place
1252|"Eindhoven"|"http://dbpedia.org/resource/Eindhoven"|"city"|Place
1253|"Utrecht"|"http://dbpedia.org/resource/Utrecht"|"city"|Place
1254|"Amsterdam"|"http://dbpedia.org/resource/Amsterdam"|"city"|Place
1255|"Tilburg"|"http://dbpedia.org/resource/Tilburg"|"city"|Place
1256|"Rotterdam"|"http://dbpedia.org/resource/Rotterdam"|"city"|Place
1257|"Tessaoua"|"http://dbpedia.org/resource/Tessaoua"|"city"|Place
1258|"Arlit"|"http://dbpedia.org/resource/Arlit"|"city"|Place
1259|"Abidjan"|"http://dbpedia.org/resource/Abidjan"|"city"|Place
1260|"Niamey"|"http://dbpedia.org/resource/Niamey"|"city"|Place
1261|"Zinder"|"http://dbpedia.org/resource/Zinder"|"city"|Place
1262|"Tahoua"|"http://dbpedia.org/resource/Tahoua"|"city"|Place
1263|"Birni_Nkonni"|"http://dbpedia.org/resource/Birni_Nkonni"|"city"|Place
1264|"Agadez"|"http://dbpedia.org/resource/Agadez"|"city"|Place
1265|"Maradi"|"http://dbpedia.org/resource/Maradi"|"city"|Place
1266|"Dosso"|"http://dbpedia.org/resource/Dosso"|"city"|Place
1267|"Trujillo"|"http://dbpedia.org/resource/Trujillo"|"city"|Place
1268|"Distrito_de_Bellavista"|"http://dbpedia.org/resource/Distrito_de_Bellavista"|"city"|Place
1269|"Chorrillos_District"|"http://dbpedia.org/resource/Chorrillos_District"|"city"|Place
1270|"Arequipa"|"http://dbpedia.org/resource/Arequipa"|"city"|Place
1271|"Jesús_María"|"http://dbpedia.org/resource/Jesús_María"|"city"|Place
1272|"Chosica,Lima"|"http://dbpedia.org/resource/Chosica,Lima"|"city"|Place
1273|"Huancayo"|"http://dbpedia.org/resource/Huancayo"|"city"|Place
1274|"Callao"|"http://dbpedia.org/resource/Callao"|"city"|Place
1275|"Lima"|"http://dbpedia.org/resource/Lima"|"city"|Place
1276|"La_Punta"|"http://dbpedia.org/resource/La_Punta"|"city"|Place
1277|"Gdańsk"|"http://dbpedia.org/resource/Gdańsk"|"city"|Place
1278|"Szczecin"|"http://dbpedia.org/resource/Szczecin"|"city"|Place
1279|"Wrocław"|"http://dbpedia.org/resource/Wrocław"|"city"|Place
1280|"Radom"|"http://dbpedia.org/resource/Radom"|"city"|Place
1281|"Łódź"|"http://dbpedia.org/resource/Łódź"|"city"|Place
1282|"Katowice"|"http://dbpedia.org/resource/Katowice"|"city"|Place
1283|"Lublin"|"http://dbpedia.org/resource/Lublin"|"city"|Place
1284|"Kraków"|"http://dbpedia.org/resource/Kraków"|"city"|Place
1285|"Poznań"|"http://dbpedia.org/resource/Poznań"|"city"|Place
1286|"Warsaw"|"http://dbpedia.org/resource/Warsaw"|"city"|Place
1287|"Porto"|"http://dbpedia.org/resource/Porto"|"city"|Place
1288|"Steenokkerzeel"|"http://dbpedia.org/resource/Steenokkerzeel"|"city"|Place
1289|"Faro"|"http://dbpedia.org/resource/Faro"|"city"|Place
1290|"Almada"|"http://dbpedia.org/resource/Almada"|"city"|Place
1291|"Braga"|"http://dbpedia.org/resource/Braga"|"city"|Place
1292|"Coimbra"|"http://dbpedia.org/resource/Coimbra"|"city"|Place
1293|"Lisbon"|"http://dbpedia.org/resource/Lisbon"|"city"|Place
1294|"Évora"|"http://dbpedia.org/resource/Évora"|"city"|Place
1295|"Mesa"|"http://dbpedia.org/resource/Mesa"|"city"|Place
1296|"Funchal"|"http://dbpedia.org/resource/Funchal"|"city"|Place
1297|"Taichung"|"http://dbpedia.org/resource/Taichung"|"city"|Place
1298|"Yongkang_District"|"http://dbpedia.org/resource/Yongkang_District"|"city"|Place
1299|"Zhongli"|"http://dbpedia.org/resource/Zhongli"|"city"|Place
1300|"Yunlin_County"|"http://dbpedia.org/resource/Yunlin_County"|"city"|Place
1301|"Hsinchu"|"http://dbpedia.org/resource/Hsinchu"|"city"|Place
1302|"Kaohsiung"|"http://dbpedia.org/resource/Kaohsiung"|"city"|Place
1303|"Taipei"|"http://dbpedia.org/resource/Taipei"|"city"|Place
1304|"Tainan"|"http://dbpedia.org/resource/Tainan"|"city"|Place
1305|"Bucharest"|"http://dbpedia.org/resource/Bucharest"|"city"|Place
1306|"Cluj-Napoca"|"http://dbpedia.org/resource/Cluj-Napoca"|"city"|Place
1307|"Constanța"|"http://dbpedia.org/resource/Constanța"|"city"|Place
1308|"Iași"|"http://dbpedia.org/resource/Iași"|"city"|Place
1309|"Galați"|"http://dbpedia.org/resource/Galați"|"city"|Place
1310|"Brașov"|"http://dbpedia.org/resource/Brașov"|"city"|Place
1311|"Arad"|"http://dbpedia.org/resource/Arad"|"city"|Place
1312|"Oradea"|"http://dbpedia.org/resource/Oradea"|"city"|Place
1313|"Târgoviște"|"http://dbpedia.org/resource/Târgoviște"|"city"|Place
1314|"Timișoara"|"http://dbpedia.org/resource/Timișoara"|"city"|Place
1315|"Kolda"|"http://dbpedia.org/resource/Kolda"|"city"|Place
1316|"Saint-Louis"|"http://dbpedia.org/resource/Saint-Louis"|"city"|Place
1317|"Thies"|"http://dbpedia.org/resource/Thies"|"city"|Place
1318|"Louga"|"http://dbpedia.org/resource/Louga"|"city"|Place
1319|"Touba"|"http://dbpedia.org/resource/Touba"|"city"|Place
1320|"Dakar"|"http://dbpedia.org/resource/Dakar"|"city"|Place
1321|"Diourbel"|"http://dbpedia.org/resource/Diourbel"|"city"|Place
1322|"Tambacounda"|"http://dbpedia.org/resource/Tambacounda"|"city"|Place
1323|"Rufisque"|"http://dbpedia.org/resource/Rufisque"|"city"|Place
1324|"Cape_Town"|"http://dbpedia.org/resource/Cape_Town"|"city"|Place
1325|"Durban"|"http://dbpedia.org/resource/Durban"|"city"|Place
1326|"Bloemfontein"|"http://dbpedia.org/resource/Bloemfontein"|"city"|Place
1327|"Saldanha"|"http://dbpedia.org/resource/Saldanha"|"city"|Place
1328|"eMalahleni"|"http://dbpedia.org/resource/eMalahleni"|"city"|Place
1329|"Mthatha"|"http://dbpedia.org/resource/Mthatha"|"city"|Place
1330|"Johannesburg"|"http://dbpedia.org/resource/Johannesburg"|"city"|Place
1331|"Bellville"|"http://dbpedia.org/resource/Bellville"|"city"|Place
1332|"Pretoria"|"http://dbpedia.org/resource/Pretoria"|"city"|Place
1333|"Seoul"|"http://dbpedia.org/resource/Seoul"|"city"|Place
1334|"Seongbuk-gu"|"http://dbpedia.org/resource/Seongbuk-gu"|"city"|Place
1335|"Suwon"|"http://dbpedia.org/resource/Suwon"|"city"|Place
1336|"Gwangju"|"http://dbpedia.org/resource/Gwangju"|"city"|Place
1337|"Daejeon"|"http://dbpedia.org/resource/Daejeon"|"city"|Place
1338|"Pohang"|"http://dbpedia.org/resource/Pohang"|"city"|Place
1339|"Busan"|"http://dbpedia.org/resource/Busan"|"city"|Place
1340|"Andong"|"http://dbpedia.org/resource/Andong"|"city"|Place
1341|"Yongin"|"http://dbpedia.org/resource/Yongin"|"city"|Place
1342|"Incheon"|"http://dbpedia.org/resource/Incheon"|"city"|Place
1343|"Salamanca"|"http://dbpedia.org/resource/Salamanca"|"city"|Place
1344|"Madrid"|"http://dbpedia.org/resource/Madrid"|"city"|Place
1345|"Barcelona"|"http://dbpedia.org/resource/Barcelona"|"city"|Place
1346|"Seville"|"http://dbpedia.org/resource/Seville"|"city"|Place
1347|"Valladolid"|"http://dbpedia.org/resource/Valladolid"|"city"|Place
1348|"Santander"|"http://dbpedia.org/resource/Santander"|"city"|Place
1349|"Vigo"|"http://dbpedia.org/resource/Vigo"|"city"|Place
1350|"San_Sebastián"|"http://dbpedia.org/resource/San_Sebastián"|"city"|Place
1351|"Valencia"|"http://dbpedia.org/resource/Valencia"|"city"|Place
1352|"Bilbao"|"http://dbpedia.org/resource/Bilbao"|"city"|Place
1353|"Kelaniya"|"http://dbpedia.org/resource/Kelaniya"|"city"|Place
1354|"Elpitiya"|"http://dbpedia.org/resource/Elpitiya"|"city"|Place
1355|"Matara"|"http://dbpedia.org/resource/Matara"|"city"|Place
1356|"Nugegoda"|"http://dbpedia.org/resource/Nugegoda"|"city"|Place
1357|"Colombo"|"http://dbpedia.org/resource/Colombo"|"city"|Place
1358|"Kandy"|"http://dbpedia.org/resource/Kandy"|"city"|Place
1359|"Peradeniya"|"http://dbpedia.org/resource/Peradeniya"|"city"|Place
1360|"Ratmalana_Airport"|"http://dbpedia.org/resource/Ratmalana_Airport"|"city"|Place
1361|"Malabe"|"http://dbpedia.org/resource/Malabe"|"city"|Place
1362|"Batalanda"|"http://dbpedia.org/resource/Batalanda"|"city"|Place
1363|"Rovaniemi"|"http://dbpedia.org/resource/Rovaniemi"|"city"|Place
1364|"Malmö"|"http://dbpedia.org/resource/Malmö"|"city"|Place
1365|"Uppsala"|"http://dbpedia.org/resource/Uppsala"|"city"|Place
1366|"Umeå"|"http://dbpedia.org/resource/Umeå"|"city"|Place
1367|"Borås"|"http://dbpedia.org/resource/Borås"|"city"|Place
1368|"Jönköping"|"http://dbpedia.org/resource/Jönköping"|"city"|Place
1369|"Stockholm"|"http://dbpedia.org/resource/Stockholm"|"city"|Place
1370|"Lund"|"http://dbpedia.org/resource/Lund"|"city"|Place
1371|"Örebro"|"http://dbpedia.org/resource/Örebro"|"city"|Place
1372|"Gothenburg"|"http://dbpedia.org/resource/Gothenburg"|"city"|Place
1373|"Mwanza"|"http://dbpedia.org/resource/Mwanza"|"city"|Place
1374|"Arusha"|"http://dbpedia.org/resource/Arusha"|"city"|Place
1375|"Morogoro"|"http://dbpedia.org/resource/Morogoro"|"city"|Place
1376|"Mzumbe_morogoro"|"http://dbpedia.org/resource/Mzumbe_morogoro"|"city"|Place
1377|"Dar_es_Salaam"|"http://dbpedia.org/resource/Dar_es_Salaam"|"city"|Place
1378|"Mbeya"|"http://dbpedia.org/resource/Mbeya"|"city"|Place
1379|"Unguja"|"http://dbpedia.org/resource/Unguja"|"city"|Place
1380|"Dodoma"|"http://dbpedia.org/resource/Dodoma"|"city"|Place
1381|"Zanzibar"|"http://dbpedia.org/resource/Zanzibar"|"city"|Place
1382|"Nakhon_Pathom_Province"|"http://dbpedia.org/resource/Nakhon_Pathom_Province"|"city"|Place
1383|"Bangkok"|"http://dbpedia.org/resource/Bangkok"|"city"|Place
1384|"Pathum_Thani_Province"|"http://dbpedia.org/resource/Pathum_Thani_Province"|"city"|Place
1385|"Pathum_Thani"|"http://dbpedia.org/resource/Pathum_Thani"|"city"|Place
1386|"Lampang"|"http://dbpedia.org/resource/Lampang"|"city"|Place
1387|"Chiang_Mai"|"http://dbpedia.org/resource/Chiang_Mai"|"city"|Place
1388|"Klong_Luang"|"http://dbpedia.org/resource/Klong_Luang"|"city"|Place
1389|"Hat_Yai"|"http://dbpedia.org/resource/Hat_Yai"|"city"|Place
1390|"Songkhla"|"http://dbpedia.org/resource/Songkhla"|"city"|Place
1391|"Narathiwat"|"http://dbpedia.org/resource/Narathiwat"|"city"|Place
1392|"La_Marsa"|"http://dbpedia.org/resource/La_Marsa"|"city"|Place
1393|"Bizerte"|"http://dbpedia.org/resource/Bizerte"|"city"|Place
1394|"Etadhamen"|"http://dbpedia.org/resource/Etadhamen"|"city"|Place
1395|"Sfax"|"http://dbpedia.org/resource/Sfax"|"city"|Place
1396|"Gabes"|"http://dbpedia.org/resource/Gabes"|"city"|Place
1397|"Monastir"|"http://dbpedia.org/resource/Monastir"|"city"|Place
1398|"Sousse"|"http://dbpedia.org/resource/Sousse"|"city"|Place
1399|"Kairouan"|"http://dbpedia.org/resource/Kairouan"|"city"|Place
1400|"Tunis"|"http://dbpedia.org/resource/Tunis"|"city"|Place
1401|"El_Mourouj"|"http://dbpedia.org/resource/El_Mourouj"|"city"|Place
1402|"Mersin"|"http://dbpedia.org/resource/Mersin"|"city"|Place
1403|"Istanbul"|"http://dbpedia.org/resource/Istanbul"|"city"|Place
1404|"Çankaya"|"http://dbpedia.org/resource/Çankaya"|"city"|Place
1405|"Ankara"|"http://dbpedia.org/resource/Ankara"|"city"|Place
1406|"Bursa"|"http://dbpedia.org/resource/Bursa"|"city"|Place
1407|"Gaziantep"|"http://dbpedia.org/resource/Gaziantep"|"city"|Place
1408|"Eskişehir"|"http://dbpedia.org/resource/Eskişehir"|"city"|Place
1409|"Gebze"|"http://dbpedia.org/resource/Gebze"|"city"|Place
1410|"Kadıköy"|"http://dbpedia.org/resource/Kadıköy"|"city"|Place
1411|"Izmir"|"http://dbpedia.org/resource/Izmir"|"city"|Place
1412|"Kiev"|"http://dbpedia.org/resource/Kiev"|"city"|Place
1413|"Mykolaiv"|"http://dbpedia.org/resource/Mykolaiv"|"city"|Place
1414|"Dnipropetrovsk"|"http://dbpedia.org/resource/Dnipropetrovsk"|"city"|Place
1415|"Kharkiv"|"http://dbpedia.org/resource/Kharkiv"|"city"|Place
1416|"Uzhhorod"|"http://dbpedia.org/resource/Uzhhorod"|"city"|Place
1417|"Lviv"|"http://dbpedia.org/resource/Lviv"|"city"|Place
1418|"Donetsk"|"http://dbpedia.org/resource/Donetsk"|"city"|Place
1419|"Luhansk"|"http://dbpedia.org/resource/Luhansk"|"city"|Place
1420|"Chernivtsi"|"http://dbpedia.org/resource/Chernivtsi"|"city"|Place
1421|"Odessa"|"http://dbpedia.org/resource/Odessa"|"city"|Place
1422|"Coventry"|"http://dbpedia.org/resource/Coventry"|"city"|Place
1423|"Liverpool"|"http://dbpedia.org/resource/Liverpool"|"city"|Place
1424|"North_Wales"|"http://dbpedia.org/resource/North_Wales"|"city"|Place
1425|"Bristol"|"http://dbpedia.org/resource/Bristol"|"city"|Place
1426|"Caracas"|"http://dbpedia.org/resource/Caracas"|"city"|Place
1427|"Barquisimeto"|"http://dbpedia.org/resource/Barquisimeto"|"city"|Place
1428|"Nueva_Esparta"|"http://dbpedia.org/resource/Nueva_Esparta"|"city"|Place
1429|"Anzoátegui"|"http://dbpedia.org/resource/Anzoátegui"|"city"|Place
1430|"Maracaibo"|"http://dbpedia.org/resource/Maracaibo"|"city"|Place
1431|"Monagas"|"http://dbpedia.org/resource/Monagas"|"city"|Place
1432|"Bolívar"|"http://dbpedia.org/resource/Bolívar"|"city"|Place
1433|"Sucre"|"http://dbpedia.org/resource/Sucre"|"city"|Place
1434|"Al_Hudaydah"|"http://dbpedia.org/resource/Al_Hudaydah"|"city"|Place
1435|"Zinjibar"|"http://dbpedia.org/resource/Zinjibar"|"city"|Place
1436|"Dhamar"|"http://dbpedia.org/resource/Dhamar"|"city"|Place
1437|"Ibb"|"http://dbpedia.org/resource/Ibb"|"city"|Place
1438|"Hadhramaut"|"http://dbpedia.org/resource/Hadhramaut"|"city"|Place
1439|"Ta'izz"|"http://dbpedia.org/resource/Ta'izz"|"city"|Place
1440|"Sayyan"|"http://dbpedia.org/resource/Sayyan"|"city"|Place
1441|"Aden"|"http://dbpedia.org/resource/Aden"|"city"|Place
1442|"Sana'a"|"http://dbpedia.org/resource/Sana'a"|"city"|Place
1443|"Al_Mukalla"|"http://dbpedia.org/resource/Al_Mukalla"|"city"|Place
1444|"Luanshya"|"http://dbpedia.org/resource/Luanshya"|"city"|Place
1445|"Livingstone"|"http://dbpedia.org/resource/Livingstone"|"city"|Place
1446|"Monze"|"http://dbpedia.org/resource/Monze"|"city"|Place
1447|"Ndola"|"http://dbpedia.org/resource/Ndola"|"city"|Place
1448|"Kasama"|"http://dbpedia.org/resource/Kasama"|"city"|Place
1449|"Kabwe"|"http://dbpedia.org/resource/Kabwe"|"city"|Place
1450|"Mufulira"|"http://dbpedia.org/resource/Mufulira"|"city"|Place
1451|"Kitwe"|"http://dbpedia.org/resource/Kitwe"|"city"|Place
1452|"Lusaka"|"http://dbpedia.org/resource/Lusaka"|"city"|Place
1453|"Chingola"|"http://dbpedia.org/resource/Chingola"|"city"|Place
1454|"Asia"|"http://dbpedia.org/resource/Asia"|"continent"|Place
1455|"Africa"|"http://dbpedia.org/resource/Africa"|"continent"|Place
1456|"Europe"|"http://dbpedia.org/resource/Europe"|"continent"|Place
1457|"South_America"|"http://dbpedia.org/resource/South_America"|"continent"|Place
1458|"North_America"|"http://dbpedia.org/resource/North_America"|"continent"|Place
1459|"Australia"|"http://dbpedia.org/resource/Australia"|"continent"|Place
