:START_ID(PLACE_ID)|:END_ID(PLACE_ID)|:TYPE
0|1454|IS_PART_OF
1|1454|IS_PART_OF
2|1455|IS_PART_OF
3|1456|IS_PART_OF
4|1454|IS_PART_OF
5|1457|IS_PART_OF
6|1456|IS_PART_OF
7|1456|IS_PART_OF
8|1455|IS_PART_OF
9|1456|IS_PART_OF
10|1456|IS_PART_OF
11|1458|IS_PART_OF
12|1458|IS_PART_OF
13|1456|IS_PART_OF
14|1456|IS_PART_OF
15|1458|IS_PART_OF
16|1454|IS_PART_OF
17|1454|IS_PART_OF
18|1454|IS_PART_OF
19|1454|IS_PART_OF
20|1456|IS_PART_OF
21|1455|IS_PART_OF
22|1455|IS_PART_OF
23|1456|IS_PART_OF
24|1456|IS_PART_OF
25|1455|IS_PART_OF
26|1455|IS_PART_OF
27|1454|IS_PART_OF
28|1455|IS_PART_OF
29|1459|IS_PART_OF
30|1458|IS_PART_OF
31|1456|IS_PART_OF
32|1456|IS_PART_OF
33|1454|IS_PART_OF
34|1458|IS_PART_OF
35|1459|IS_PART_OF
36|1458|IS_PART_OF
37|1456|IS_PART_OF
38|1456|IS_PART_OF
39|1455|IS_PART_OF
40|1456|IS_PART_OF
41|1454|IS_PART_OF
42|1456|IS_PART_OF
43|1456|IS_PART_OF
44|1455|IS_PART_OF
45|1456|IS_PART_OF
46|1454|IS_PART_OF
47|1457|IS_PART_OF
48|1456|IS_PART_OF
49|1457|IS_PART_OF
50|1456|IS_PART_OF
51|1454|IS_PART_OF
52|1454|IS_PART_OF
53|1458|IS_PART_OF
54|1454|IS_PART_OF
55|1454|IS_PART_OF
56|1456|IS_PART_OF
57|1458|IS_PART_OF
58|1454|IS_PART_OF
59|1454|IS_PART_OF
60|1455|IS_PART_OF
61|1457|IS_PART_OF
62|1459|IS_PART_OF
63|1456|IS_PART_OF
64|1456|IS_PART_OF
65|1454|IS_PART_OF
66|1458|IS_PART_OF
67|1454|IS_PART_OF
68|1455|IS_PART_OF
69|1457|IS_PART_OF
70|1457|IS_PART_OF
71|1458|IS_PART_OF
72|1456|IS_PART_OF
73|1455|IS_PART_OF
74|1455|IS_PART_OF
75|1456|IS_PART_OF
76|1455|IS_PART_OF
77|1456|IS_PART_OF
78|1456|IS_PART_OF
79|1456|IS_PART_OF
80|1454|IS_PART_OF
81|1456|IS_PART_OF
82|1454|IS_PART_OF
83|1455|IS_PART_OF
84|1455|IS_PART_OF
85|1454|IS_PART_OF
86|1456|IS_PART_OF
87|1455|IS_PART_OF
88|1454|IS_PART_OF
89|1456|IS_PART_OF
90|1455|IS_PART_OF
91|1457|IS_PART_OF
92|1456|IS_PART_OF
93|1456|IS_PART_OF
94|1454|IS_PART_OF
95|1456|IS_PART_OF
96|1455|IS_PART_OF
97|1455|IS_PART_OF
98|1454|IS_PART_OF
99|1456|IS_PART_OF
100|1455|IS_PART_OF
101|1456|IS_PART_OF
102|1455|IS_PART_OF
103|1454|IS_PART_OF
104|1455|IS_PART_OF
105|1454|IS_PART_OF
106|1456|IS_PART_OF
107|1456|IS_PART_OF
108|1457|IS_PART_OF
109|1454|IS_PART_OF
110|1455|IS_PART_OF
111|0|IS_PART_OF
112|0|IS_PART_OF
113|0|IS_PART_OF
114|0|IS_PART_OF
115|0|IS_PART_OF
116|0|IS_PART_OF
117|0|IS_PART_OF
118|0|IS_PART_OF
119|0|IS_PART_OF
120|0|IS_PART_OF
121|0|IS_PART_OF
122|0|IS_PART_OF
123|0|IS_PART_OF
124|0|IS_PART_OF
125|0|IS_PART_OF
126|0|IS_PART_OF
127|0|IS_PART_OF
128|0|IS_PART_OF
129|0|IS_PART_OF
130|0|IS_PART_OF
131|0|IS_PART_OF
132|0|IS_PART_OF
133|0|IS_PART_OF
134|0|IS_PART_OF
135|0|IS_PART_OF
136|0|IS_PART_OF
137|0|IS_PART_OF
138|0|IS_PART_OF
139|0|IS_PART_OF
140|0|IS_PART_OF
141|0|IS_PART_OF
142|0|IS_PART_OF
143|0|IS_PART_OF
144|0|IS_PART_OF
145|0|IS_PART_OF
146|0|IS_PART_OF
147|0|IS_PART_OF
148|0|IS_PART_OF
149|0|IS_PART_OF
150|0|IS_PART_OF
151|0|IS_PART_OF
152|0|IS_PART_OF
153|0|IS_PART_OF
154|0|IS_PART_OF
155|0|IS_PART_OF
156|0|IS_PART_OF
157|0|IS_PART_OF
158|0|IS_PART_OF
159|0|IS_PART_OF
160|0|IS_PART_OF
161|0|IS_PART_OF
162|0|IS_PART_OF
163|0|IS_PART_OF
164|0|IS_PART_OF
165|0|IS_PART_OF
166|0|IS_PART_OF
167|0|IS_PART_OF
168|0|IS_PART_OF
169|0|IS_PART_OF
170|0|IS_PART_OF
171|0|IS_PART_OF
172|0|IS_PART_OF
173|0|IS_PART_OF
174|0|IS_PART_OF
175|0|IS_PART_OF
176|0|IS_PART_OF
177|0|IS_PART_OF
178|0|IS_PART_OF
179|0|IS_PART_OF
180|0|IS_PART_OF
181|0|IS_PART_OF
182|0|IS_PART_OF
183|0|IS_PART_OF
184|0|IS_PART_OF
185|0|IS_PART_OF
186|0|IS_PART_OF
187|0|IS_PART_OF
188|0|IS_PART_OF
189|0|IS_PART_OF
190|0|IS_PART_OF
191|0|IS_PART_OF
192|0|IS_PART_OF
193|0|IS_PART_OF
194|0|IS_PART_OF
195|0|IS_PART_OF
196|0|IS_PART_OF
197|0|IS_PART_OF
198|0|IS_PART_OF
199|0|IS_PART_OF
200|0|IS_PART_OF
201|0|IS_PART_OF
202|0|IS_PART_OF
203|0|IS_PART_OF
204|0|IS_PART_OF
205|0|IS_PART_OF
206|0|IS_PART_OF
207|0|IS_PART_OF
208|0|IS_PART_OF
209|0|IS_PART_OF
210|0|IS_PART_OF
211|0|IS_PART_OF
212|0|IS_PART_OF
213|0|IS_PART_OF
214|0|IS_PART_OF
215|0|IS_PART_OF
216|0|IS_PART_OF
217|0|IS_PART_OF
218|0|IS_PART_OF
219|0|IS_PART_OF
220|0|IS_PART_OF
221|0|IS_PART_OF
222|0|IS_PART_OF
223|0|IS_PART_OF
224|0|IS_PART_OF
225|0|IS_PART_OF
226|0|IS_PART_OF
227|0|IS_PART_OF
228|0|IS_PART_OF
229|0|IS_PART_OF
230|0|IS_PART_OF
231|0|IS_PART_OF
232|0|IS_PART_OF
233|0|IS_PART_OF
234|0|IS_PART_OF
235|0|IS_PART_OF
236|0|IS_PART_OF
237|0|IS_PART_OF
238|0|IS_PART_OF
239|0|IS_PART_OF
240|0|IS_PART_OF
241|0|IS_PART_OF
242|0|IS_PART_OF
243|0|IS_PART_OF
244|0|IS_PART_OF
245|0|IS_PART_OF
246|0|IS_PART_OF
247|0|IS_PART_OF
248|0|IS_PART_OF
249|0|IS_PART_OF
250|0|IS_PART_OF
251|0|IS_PART_OF
252|0|IS_PART_OF
253|0|IS_PART_OF
254|0|IS_PART_OF
255|0|IS_PART_OF
256|0|IS_PART_OF
257|0|IS_PART_OF
258|0|IS_PART_OF
259|0|IS_PART_OF
260|0|IS_PART_OF
261|0|IS_PART_OF
262|0|IS_PART_OF
263|0|IS_PART_OF
264|0|IS_PART_OF
265|0|IS_PART_OF
266|0|IS_PART_OF
267|0|IS_PART_OF
268|0|IS_PART_OF
269|0|IS_PART_OF
270|0|IS_PART_OF
271|0|IS_PART_OF
272|0|IS_PART_OF
273|0|IS_PART_OF
274|0|IS_PART_OF
275|0|IS_PART_OF
276|0|IS_PART_OF
277|0|IS_PART_OF
278|0|IS_PART_OF
279|0|IS_PART_OF
280|0|IS_PART_OF
281|0|IS_PART_OF
282|0|IS_PART_OF
283|0|IS_PART_OF
284|0|IS_PART_OF
285|0|IS_PART_OF
286|0|IS_PART_OF
287|0|IS_PART_OF
288|0|IS_PART_OF
289|0|IS_PART_OF
290|0|IS_PART_OF
291|0|IS_PART_OF
292|0|IS_PART_OF
293|0|IS_PART_OF
294|0|IS_PART_OF
295|0|IS_PART_OF
296|0|IS_PART_OF
297|0|IS_PART_OF
298|0|IS_PART_OF
299|0|IS_PART_OF
300|0|IS_PART_OF
301|0|IS_PART_OF
302|0|IS_PART_OF
303|0|IS_PART_OF
304|0|IS_PART_OF
305|0|IS_PART_OF
306|0|IS_PART_OF
307|0|IS_PART_OF
308|0|IS_PART_OF
309|0|IS_PART_OF
310|1|IS_PART_OF
311|1|IS_PART_OF
312|1|IS_PART_OF
313|1|IS_PART_OF
314|1|IS_PART_OF
315|1|IS_PART_OF
316|1|IS_PART_OF
317|1|IS_PART_OF
318|1|IS_PART_OF
319|1|IS_PART_OF
320|1|IS_PART_OF
321|1|IS_PART_OF
322|1|IS_PART_OF
323|1|IS_PART_OF
324|1|IS_PART_OF
325|1|IS_PART_OF
326|1|IS_PART_OF
327|1|IS_PART_OF
328|1|IS_PART_OF
329|1|IS_PART_OF
330|1|IS_PART_OF
331|1|IS_PART_OF
332|1|IS_PART_OF
333|1|IS_PART_OF
334|1|IS_PART_OF
335|1|IS_PART_OF
336|1|IS_PART_OF
337|1|IS_PART_OF
338|1|IS_PART_OF
339|1|IS_PART_OF
340|1|IS_PART_OF
341|1|IS_PART_OF
342|1|IS_PART_OF
343|1|IS_PART_OF
344|1|IS_PART_OF
345|1|IS_PART_OF
346|1|IS_PART_OF
347|1|IS_PART_OF
348|1|IS_PART_OF
349|1|IS_PART_OF
350|1|IS_PART_OF
351|1|IS_PART_OF
352|1|IS_PART_OF
353|1|IS_PART_OF
354|1|IS_PART_OF
355|1|IS_PART_OF
356|1|IS_PART_OF
357|1|IS_PART_OF
358|1|IS_PART_OF
359|1|IS_PART_OF
360|1|IS_PART_OF
361|1|IS_PART_OF
362|1|IS_PART_OF
363|1|IS_PART_OF
364|1|IS_PART_OF
365|1|IS_PART_OF
366|1|IS_PART_OF
367|1|IS_PART_OF
368|1|IS_PART_OF
369|1|IS_PART_OF
370|1|IS_PART_OF
371|1|IS_PART_OF
372|1|IS_PART_OF
373|1|IS_PART_OF
374|1|IS_PART_OF
375|1|IS_PART_OF
376|1|IS_PART_OF
377|1|IS_PART_OF
378|1|IS_PART_OF
379|1|IS_PART_OF
380|1|IS_PART_OF
381|1|IS_PART_OF
382|1|IS_PART_OF
383|1|IS_PART_OF
384|1|IS_PART_OF
385|1|IS_PART_OF
386|1|IS_PART_OF
387|1|IS_PART_OF
388|1|IS_PART_OF
389|1|IS_PART_OF
390|1|IS_PART_OF
391|1|IS_PART_OF
392|1|IS_PART_OF
393|1|IS_PART_OF
394|1|IS_PART_OF
395|1|IS_PART_OF
396|1|IS_PART_OF
397|1|IS_PART_OF
398|1|IS_PART_OF
399|1|IS_PART_OF
400|1|IS_PART_OF
401|1|IS_PART_OF
402|1|IS_PART_OF
403|1|IS_PART_OF
404|1|IS_PART_OF
405|1|IS_PART_OF
406|1|IS_PART_OF
407|1|IS_PART_OF
408|1|IS_PART_OF
409|1|IS_PART_OF
410|1|IS_PART_OF
411|1|IS_PART_OF
412|1|IS_PART_OF
413|1|IS_PART_OF
414|1|IS_PART_OF
415|1|IS_PART_OF
416|1|IS_PART_OF
417|1|IS_PART_OF
418|1|IS_PART_OF
419|1|IS_PART_OF
420|1|IS_PART_OF
421|1|IS_PART_OF
422|1|IS_PART_OF
423|1|IS_PART_OF
424|1|IS_PART_OF
425|1|IS_PART_OF
426|1|IS_PART_OF
427|1|IS_PART_OF
428|1|IS_PART_OF
429|1|IS_PART_OF
430|1|IS_PART_OF
431|1|IS_PART_OF
432|1|IS_PART_OF
433|1|IS_PART_OF
434|1|IS_PART_OF
435|1|IS_PART_OF
436|1|IS_PART_OF
437|1|IS_PART_OF
438|1|IS_PART_OF
439|1|IS_PART_OF
440|1|IS_PART_OF
441|1|IS_PART_OF
442|1|IS_PART_OF
443|1|IS_PART_OF
444|1|IS_PART_OF
445|1|IS_PART_OF
446|1|IS_PART_OF
447|1|IS_PART_OF
448|1|IS_PART_OF
449|1|IS_PART_OF
450|1|IS_PART_OF
451|1|IS_PART_OF
452|1|IS_PART_OF
453|1|IS_PART_OF
454|1|IS_PART_OF
455|1|IS_PART_OF
456|1|IS_PART_OF
457|1|IS_PART_OF
458|1|IS_PART_OF
459|1|IS_PART_OF
460|1|IS_PART_OF
461|1|IS_PART_OF
462|1|IS_PART_OF
463|1|IS_PART_OF
464|1|IS_PART_OF
465|1|IS_PART_OF
466|1|IS_PART_OF
467|1|IS_PART_OF
468|1|IS_PART_OF
469|1|IS_PART_OF
470|1|IS_PART_OF
471|1|IS_PART_OF
472|1|IS_PART_OF
473|1|IS_PART_OF
474|1|IS_PART_OF
475|1|IS_PART_OF
476|1|IS_PART_OF
477|1|IS_PART_OF
478|1|IS_PART_OF
479|1|IS_PART_OF
480|1|IS_PART_OF
481|1|IS_PART_OF
482|1|IS_PART_OF
483|1|IS_PART_OF
484|1|IS_PART_OF
485|1|IS_PART_OF
486|1|IS_PART_OF
487|1|IS_PART_OF
488|1|IS_PART_OF
489|1|IS_PART_OF
490|1|IS_PART_OF
491|1|IS_PART_OF
492|1|IS_PART_OF
493|1|IS_PART_OF
494|1|IS_PART_OF
495|1|IS_PART_OF
496|1|IS_PART_OF
497|1|IS_PART_OF
498|1|IS_PART_OF
499|1|IS_PART_OF
500|1|IS_PART_OF
501|1|IS_PART_OF
502|1|IS_PART_OF
503|1|IS_PART_OF
504|1|IS_PART_OF
505|1|IS_PART_OF
506|1|IS_PART_OF
507|1|IS_PART_OF
508|2|IS_PART_OF
509|3|IS_PART_OF
510|4|IS_PART_OF
511|5|IS_PART_OF
512|6|IS_PART_OF
513|7|IS_PART_OF
514|8|IS_PART_OF
515|9|IS_PART_OF
516|10|IS_PART_OF
517|11|IS_PART_OF
518|12|IS_PART_OF
519|13|IS_PART_OF
520|14|IS_PART_OF
521|15|IS_PART_OF
522|16|IS_PART_OF
523|17|IS_PART_OF
524|18|IS_PART_OF
525|19|IS_PART_OF
526|20|IS_PART_OF
527|21|IS_PART_OF
528|22|IS_PART_OF
529|23|IS_PART_OF
530|24|IS_PART_OF
531|25|IS_PART_OF
532|26|IS_PART_OF
533|27|IS_PART_OF
534|28|IS_PART_OF
535|29|IS_PART_OF
536|30|IS_PART_OF
537|31|IS_PART_OF
538|32|IS_PART_OF
539|33|IS_PART_OF
540|34|IS_PART_OF
541|35|IS_PART_OF
542|36|IS_PART_OF
543|37|IS_PART_OF
544|38|IS_PART_OF
545|39|IS_PART_OF
546|40|IS_PART_OF
547|41|IS_PART_OF
548|42|IS_PART_OF
549|43|IS_PART_OF
550|44|IS_PART_OF
551|45|IS_PART_OF
552|46|IS_PART_OF
553|47|IS_PART_OF
554|48|IS_PART_OF
555|49|IS_PART_OF
556|49|IS_PART_OF
557|49|IS_PART_OF
558|49|IS_PART_OF
559|49|IS_PART_OF
560|49|IS_PART_OF
561|49|IS_PART_OF
562|49|IS_PART_OF
563|49|IS_PART_OF
564|49|IS_PART_OF
565|49|IS_PART_OF
566|49|IS_PART_OF
567|49|IS_PART_OF
568|49|IS_PART_OF
569|49|IS_PART_OF
570|49|IS_PART_OF
571|49|IS_PART_OF
572|49|IS_PART_OF
573|49|IS_PART_OF
574|49|IS_PART_OF
575|49|IS_PART_OF
576|49|IS_PART_OF
577|49|IS_PART_OF
578|49|IS_PART_OF
579|49|IS_PART_OF
580|49|IS_PART_OF
581|49|IS_PART_OF
582|49|IS_PART_OF
583|49|IS_PART_OF
584|49|IS_PART_OF
585|49|IS_PART_OF
586|49|IS_PART_OF
587|49|IS_PART_OF
588|49|IS_PART_OF
589|49|IS_PART_OF
590|49|IS_PART_OF
591|49|IS_PART_OF
592|49|IS_PART_OF
593|49|IS_PART_OF
594|49|IS_PART_OF
595|50|IS_PART_OF
596|50|IS_PART_OF
597|50|IS_PART_OF
598|50|IS_PART_OF
599|50|IS_PART_OF
600|50|IS_PART_OF
601|50|IS_PART_OF
602|50|IS_PART_OF
603|50|IS_PART_OF
604|50|IS_PART_OF
605|50|IS_PART_OF
606|50|IS_PART_OF
607|50|IS_PART_OF
608|50|IS_PART_OF
609|50|IS_PART_OF
610|50|IS_PART_OF
611|50|IS_PART_OF
612|50|IS_PART_OF
613|50|IS_PART_OF
614|50|IS_PART_OF
615|50|IS_PART_OF
616|50|IS_PART_OF
617|50|IS_PART_OF
618|50|IS_PART_OF
619|50|IS_PART_OF
620|50|IS_PART_OF
621|50|IS_PART_OF
622|50|IS_PART_OF
623|50|IS_PART_OF
624|50|IS_PART_OF
625|50|IS_PART_OF
626|50|IS_PART_OF
627|50|IS_PART_OF
628|50|IS_PART_OF
629|50|IS_PART_OF
630|50|IS_PART_OF
631|50|IS_PART_OF
632|50|IS_PART_OF
633|50|IS_PART_OF
634|50|IS_PART_OF
635|51|IS_PART_OF
636|51|IS_PART_OF
637|51|IS_PART_OF
638|51|IS_PART_OF
639|51|IS_PART_OF
640|51|IS_PART_OF
641|51|IS_PART_OF
642|51|IS_PART_OF
643|51|IS_PART_OF
644|51|IS_PART_OF
645|51|IS_PART_OF
646|51|IS_PART_OF
647|51|IS_PART_OF
648|51|IS_PART_OF
649|51|IS_PART_OF
650|51|IS_PART_OF
651|51|IS_PART_OF
652|51|IS_PART_OF
653|51|IS_PART_OF
654|51|IS_PART_OF
655|51|IS_PART_OF
656|51|IS_PART_OF
657|51|IS_PART_OF
658|51|IS_PART_OF
659|51|IS_PART_OF
660|51|IS_PART_OF
661|51|IS_PART_OF
662|51|IS_PART_OF
663|51|IS_PART_OF
664|51|IS_PART_OF
665|51|IS_PART_OF
666|51|IS_PART_OF
667|51|IS_PART_OF
668|51|IS_PART_OF
669|51|IS_PART_OF
670|51|IS_PART_OF
671|51|IS_PART_OF
672|51|IS_PART_OF
673|51|IS_PART_OF
674|52|IS_PART_OF
675|52|IS_PART_OF
676|52|IS_PART_OF
677|52|IS_PART_OF
678|52|IS_PART_OF
679|52|IS_PART_OF
680|52|IS_PART_OF
681|52|IS_PART_OF
682|52|IS_PART_OF
683|52|IS_PART_OF
684|52|IS_PART_OF
685|52|IS_PART_OF
686|52|IS_PART_OF
687|52|IS_PART_OF
688|52|IS_PART_OF
689|52|IS_PART_OF
690|52|IS_PART_OF
691|52|IS_PART_OF
692|52|IS_PART_OF
693|52|IS_PART_OF
694|52|IS_PART_OF
695|52|IS_PART_OF
696|52|IS_PART_OF
697|52|IS_PART_OF
698|52|IS_PART_OF
699|52|IS_PART_OF
700|52|IS_PART_OF
701|52|IS_PART_OF
702|52|IS_PART_OF
703|52|IS_PART_OF
704|52|IS_PART_OF
705|52|IS_PART_OF
706|52|IS_PART_OF
707|52|IS_PART_OF
708|52|IS_PART_OF
709|52|IS_PART_OF
710|52|IS_PART_OF
711|52|IS_PART_OF
712|52|IS_PART_OF
713|52|IS_PART_OF
714|53|IS_PART_OF
715|53|IS_PART_OF
716|53|IS_PART_OF
717|53|IS_PART_OF
718|53|IS_PART_OF
719|53|IS_PART_OF
720|53|IS_PART_OF
721|53|IS_PART_OF
722|53|IS_PART_OF
723|53|IS_PART_OF
724|53|IS_PART_OF
725|53|IS_PART_OF
726|53|IS_PART_OF
727|53|IS_PART_OF
728|53|IS_PART_OF
729|53|IS_PART_OF
730|53|IS_PART_OF
731|53|IS_PART_OF
732|53|IS_PART_OF
733|53|IS_PART_OF
734|53|IS_PART_OF
735|53|IS_PART_OF
736|53|IS_PART_OF
737|53|IS_PART_OF
738|53|IS_PART_OF
739|53|IS_PART_OF
740|53|IS_PART_OF
741|53|IS_PART_OF
742|53|IS_PART_OF
743|53|IS_PART_OF
744|53|IS_PART_OF
745|53|IS_PART_OF
746|53|IS_PART_OF
747|53|IS_PART_OF
748|53|IS_PART_OF
749|53|IS_PART_OF
750|53|IS_PART_OF
751|53|IS_PART_OF
752|53|IS_PART_OF
753|54|IS_PART_OF
754|54|IS_PART_OF
755|54|IS_PART_OF
756|54|IS_PART_OF
757|54|IS_PART_OF
758|54|IS_PART_OF
759|54|IS_PART_OF
760|54|IS_PART_OF
761|54|IS_PART_OF
762|54|IS_PART_OF
763|54|IS_PART_OF
764|54|IS_PART_OF
765|54|IS_PART_OF
766|54|IS_PART_OF
767|54|IS_PART_OF
768|54|IS_PART_OF
769|54|IS_PART_OF
770|54|IS_PART_OF
771|54|IS_PART_OF
772|54|IS_PART_OF
773|54|IS_PART_OF
774|54|IS_PART_OF
775|54|IS_PART_OF
776|54|IS_PART_OF
777|54|IS_PART_OF
778|54|IS_PART_OF
779|54|IS_PART_OF
780|54|IS_PART_OF
781|54|IS_PART_OF
782|54|IS_PART_OF
783|54|IS_PART_OF
784|54|IS_PART_OF
785|54|IS_PART_OF
786|54|IS_PART_OF
787|54|IS_PART_OF
788|54|IS_PART_OF
789|54|IS_PART_OF
790|54|IS_PART_OF
791|54|IS_PART_OF
792|54|IS_PART_OF
793|55|IS_PART_OF
794|55|IS_PART_OF
795|55|IS_PART_OF
796|55|IS_PART_OF
797|55|IS_PART_OF
798|55|IS_PART_OF
799|55|IS_PART_OF
800|55|IS_PART_OF
801|55|IS_PART_OF
802|55|IS_PART_OF
803|55|IS_PART_OF
804|55|IS_PART_OF
805|55|IS_PART_OF
806|55|IS_PART_OF
807|55|IS_PART_OF
808|55|IS_PART_OF
809|55|IS_PART_OF
810|55|IS_PART_OF
811|55|IS_PART_OF
812|55|IS_PART_OF
813|55|IS_PART_OF
814|55|IS_PART_OF
815|55|IS_PART_OF
816|55|IS_PART_OF
817|55|IS_PART_OF
818|55|IS_PART_OF
819|55|IS_PART_OF
820|55|IS_PART_OF
821|55|IS_PART_OF
822|55|IS_PART_OF
823|55|IS_PART_OF
824|55|IS_PART_OF
825|55|IS_PART_OF
826|55|IS_PART_OF
827|55|IS_PART_OF
828|55|IS_PART_OF
829|55|IS_PART_OF
830|55|IS_PART_OF
831|55|IS_PART_OF
832|56|IS_PART_OF
833|56|IS_PART_OF
834|56|IS_PART_OF
835|56|IS_PART_OF
836|56|IS_PART_OF
837|56|IS_PART_OF
838|56|IS_PART_OF
839|56|IS_PART_OF
840|56|IS_PART_OF
841|56|IS_PART_OF
842|56|IS_PART_OF
843|56|IS_PART_OF
844|56|IS_PART_OF
845|56|IS_PART_OF
846|56|IS_PART_OF
847|56|IS_PART_OF
848|56|IS_PART_OF
849|56|IS_PART_OF
850|56|IS_PART_OF
851|56|IS_PART_OF
852|56|IS_PART_OF
853|56|IS_PART_OF
854|56|IS_PART_OF
855|56|IS_PART_OF
856|56|IS_PART_OF
857|56|IS_PART_OF
858|56|IS_PART_OF
859|56|IS_PART_OF
860|56|IS_PART_OF
861|56|IS_PART_OF
862|56|IS_PART_OF
863|56|IS_PART_OF
864|56|IS_PART_OF
865|56|IS_PART_OF
866|56|IS_PART_OF
867|56|IS_PART_OF
868|56|IS_PART_OF
869|56|IS_PART_OF
870|56|IS_PART_OF
871|56|IS_PART_OF
872|57|IS_PART_OF
873|57|IS_PART_OF
874|57|IS_PART_OF
875|57|IS_PART_OF
876|57|IS_PART_OF
877|57|IS_PART_OF
878|57|IS_PART_OF
879|57|IS_PART_OF
880|57|IS_PART_OF
881|57|IS_PART_OF
882|57|IS_PART_OF
883|57|IS_PART_OF
884|57|IS_PART_OF
885|57|IS_PART_OF
886|57|IS_PART_OF
887|57|IS_PART_OF
888|57|IS_PART_OF
889|57|IS_PART_OF
890|57|IS_PART_OF
891|57|IS_PART_OF
892|57|IS_PART_OF
893|57|IS_PART_OF
894|57|IS_PART_OF
895|57|IS_PART_OF
896|57|IS_PART_OF
897|57|IS_PART_OF
898|57|IS_PART_OF
899|57|IS_PART_OF
900|57|IS_PART_OF
901|57|IS_PART_OF
902|57|IS_PART_OF
903|57|IS_PART_OF
904|57|IS_PART_OF
905|57|IS_PART_OF
906|57|IS_PART_OF
907|57|IS_PART_OF
908|57|IS_PART_OF
909|57|IS_PART_OF
910|57|IS_PART_OF
911|57|IS_PART_OF
912|58|IS_PART_OF
913|58|IS_PART_OF
914|58|IS_PART_OF
915|58|IS_PART_OF
916|58|IS_PART_OF
917|58|IS_PART_OF
918|58|IS_PART_OF
919|58|IS_PART_OF
920|58|IS_PART_OF
921|58|IS_PART_OF
922|58|IS_PART_OF
923|58|IS_PART_OF
924|58|IS_PART_OF
925|58|IS_PART_OF
926|58|IS_PART_OF
927|58|IS_PART_OF
928|58|IS_PART_OF
929|58|IS_PART_OF
930|58|IS_PART_OF
931|58|IS_PART_OF
932|58|IS_PART_OF
933|58|IS_PART_OF
934|58|IS_PART_OF
935|58|IS_PART_OF
936|58|IS_PART_OF
937|58|IS_PART_OF
938|58|IS_PART_OF
939|58|IS_PART_OF
940|58|IS_PART_OF
941|58|IS_PART_OF
942|58|IS_PART_OF
943|58|IS_PART_OF
944|58|IS_PART_OF
945|58|IS_PART_OF
946|58|IS_PART_OF
947|58|IS_PART_OF
948|58|IS_PART_OF
949|58|IS_PART_OF
950|58|IS_PART_OF
951|59|IS_PART_OF
952|59|IS_PART_OF
953|59|IS_PART_OF
954|59|IS_PART_OF
955|59|IS_PART_OF
956|59|IS_PART_OF
957|59|IS_PART_OF
958|59|IS_PART_OF
959|59|IS_PART_OF
960|60|IS_PART_OF
961|60|IS_PART_OF
962|60|IS_PART_OF
963|60|IS_PART_OF
964|60|IS_PART_OF
965|60|IS_PART_OF
966|60|IS_PART_OF
967|60|IS_PART_OF
968|60|IS_PART_OF
969|60|IS_PART_OF
970|61|IS_PART_OF
971|61|IS_PART_OF
972|61|IS_PART_OF
973|61|IS_PART_OF
974|61|IS_PART_OF
975|61|IS_PART_OF
976|61|IS_PART_OF
977|61|IS_PART_OF
978|61|IS_PART_OF
979|61|IS_PART_OF
980|62|IS_PART_OF
981|62|IS_PART_OF
982|62|IS_PART_OF
983|62|IS_PART_OF
984|62|IS_PART_OF
985|62|IS_PART_OF
986|62|IS_PART_OF
987|62|IS_PART_OF
988|62|IS_PART_OF
989|62|IS_PART_OF
990|63|IS_PART_OF
991|63|IS_PART_OF
992|63|IS_PART_OF
993|63|IS_PART_OF
994|63|IS_PART_OF
995|63|IS_PART_OF
996|63|IS_PART_OF
997|63|IS_PART_OF
998|63|IS_PART_OF
999|63|IS_PART_OF
1000|64|IS_PART_OF
1001|64|IS_PART_OF
1002|64|IS_PART_OF
1003|64|IS_PART_OF
1004|64|IS_PART_OF
1005|64|IS_PART_OF
1006|64|IS_PART_OF
1007|64|IS_PART_OF
1008|64|IS_PART_OF
1009|64|IS_PART_OF
1010|65|IS_PART_OF
1011|65|IS_PART_OF
1012|65|IS_PART_OF
1013|65|IS_PART_OF
1014|65|IS_PART_OF
1015|65|IS_PART_OF
1016|65|IS_PART_OF
1017|65|IS_PART_OF
1018|65|IS_PART_OF
1019|65|IS_PART_OF
1020|66|IS_PART_OF
1021|66|IS_PART_OF
1022|66|IS_PART_OF
1023|66|IS_PART_OF
1024|66|IS_PART_OF
1025|66|IS_PART_OF
1026|66|IS_PART_OF
1027|66|IS_PART_OF
1028|66|IS_PART_OF
1029|66|IS_PART_OF
1030|67|IS_PART_OF
1031|67|IS_PART_OF
1032|67|IS_PART_OF
1033|67|IS_PART_OF
1034|67|IS_PART_OF
1035|67|IS_PART_OF
1036|67|IS_PART_OF
1037|67|IS_PART_OF
1038|67|IS_PART_OF
1039|67|IS_PART_OF
1040|68|IS_PART_OF
1041|68|IS_PART_OF
1042|68|IS_PART_OF
1043|68|IS_PART_OF
1044|68|IS_PART_OF
1045|68|IS_PART_OF
1046|68|IS_PART_OF
1047|68|IS_PART_OF
1048|68|IS_PART_OF
1049|68|IS_PART_OF
1050|69|IS_PART_OF
1051|69|IS_PART_OF
1052|69|IS_PART_OF
1053|69|IS_PART_OF
1054|69|IS_PART_OF
1055|69|IS_PART_OF
1056|69|IS_PART_OF
1057|69|IS_PART_OF
1058|69|IS_PART_OF
1059|69|IS_PART_OF
1060|70|IS_PART_OF
1061|70|IS_PART_OF
1062|70|IS_PART_OF
1063|70|IS_PART_OF
1064|70|IS_PART_OF
1065|70|IS_PART_OF
1066|70|IS_PART_OF
1067|70|IS_PART_OF
1068|70|IS_PART_OF
1069|70|IS_PART_OF
1070|71|IS_PART_OF
1071|71|IS_PART_OF
1072|71|IS_PART_OF
1073|71|IS_PART_OF
1074|71|IS_PART_OF
1075|71|IS_PART_OF
1076|71|IS_PART_OF
1077|71|IS_PART_OF
1078|71|IS_PART_OF
1079|71|IS_PART_OF
1080|72|IS_PART_OF
1081|72|IS_PART_OF
1082|72|IS_PART_OF
1083|72|IS_PART_OF
1084|72|IS_PART_OF
1085|72|IS_PART_OF
1086|72|IS_PART_OF
1087|72|IS_PART_OF
1088|72|IS_PART_OF
1089|72|IS_PART_OF
1090|73|IS_PART_OF
1091|73|IS_PART_OF
1092|73|IS_PART_OF
1093|73|IS_PART_OF
1094|73|IS_PART_OF
1095|73|IS_PART_OF
1096|73|IS_PART_OF
1097|73|IS_PART_OF
1098|73|IS_PART_OF
1099|73|IS_PART_OF
1100|74|IS_PART_OF
1101|74|IS_PART_OF
1102|74|IS_PART_OF
1103|74|IS_PART_OF
1104|74|IS_PART_OF
1105|74|IS_PART_OF
1106|74|IS_PART_OF
1107|74|IS_PART_OF
1108|74|IS_PART_OF
1109|74|IS_PART_OF
1110|75|IS_PART_OF
1111|75|IS_PART_OF
1112|75|IS_PART_OF
1113|75|IS_PART_OF
1114|75|IS_PART_OF
1115|75|IS_PART_OF
1116|75|IS_PART_OF
1117|75|IS_PART_OF
1118|75|IS_PART_OF
1119|76|IS_PART_OF
1120|76|IS_PART_OF
1121|76|IS_PART_OF
1122|76|IS_PART_OF
1123|76|IS_PART_OF
1124|76|IS_PART_OF
1125|76|IS_PART_OF
1126|76|IS_PART_OF
1127|76|IS_PART_OF
1128|76|IS_PART_OF
1129|77|IS_PART_OF
1130|77|IS_PART_OF
1131|77|IS_PART_OF
1132|77|IS_PART_OF
1133|77|IS_PART_OF
1134|77|IS_PART_OF
1135|77|IS_PART_OF
1136|77|IS_PART_OF
1137|77|IS_PART_OF
1138|78|IS_PART_OF
1139|78|IS_PART_OF
1140|78|IS_PART_OF
1141|78|IS_PART_OF
1142|78|IS_PART_OF
1143|78|IS_PART_OF
1144|78|IS_PART_OF
1145|78|IS_PART_OF
1146|78|IS_PART_OF
1147|78|IS_PART_OF
1148|79|IS_PART_OF
1149|79|IS_PART_OF
1150|79|IS_PART_OF
1151|79|IS_PART_OF
1152|79|IS_PART_OF
1153|79|IS_PART_OF
1154|79|IS_PART_OF
1155|79|IS_PART_OF
1156|79|IS_PART_OF
1157|79|IS_PART_OF
1158|80|IS_PART_OF
1159|80|IS_PART_OF
1160|80|IS_PART_OF
1161|80|IS_PART_OF
1162|80|IS_PART_OF
1163|80|IS_PART_OF
1164|80|IS_PART_OF
1165|80|IS_PART_OF
1166|80|IS_PART_OF
1167|80|IS_PART_OF
1168|81|IS_PART_OF
1169|81|IS_PART_OF
1170|81|IS_PART_OF
1171|81|IS_PART_OF
1172|81|IS_PART_OF
1173|81|IS_PART_OF
1174|81|IS_PART_OF
1175|81|IS_PART_OF
1176|81|IS_PART_OF
1177|81|IS_PART_OF
1178|82|IS_PART_OF
1179|82|IS_PART_OF
1180|82|IS_PART_OF
1181|82|IS_PART_OF
1182|82|IS_PART_OF
1183|82|IS_PART_OF
1184|82|IS_PART_OF
1185|82|IS_PART_OF
1186|82|IS_PART_OF
1187|82|IS_PART_OF
1188|83|IS_PART_OF
1189|83|IS_PART_OF
1190|83|IS_PART_OF
1191|83|IS_PART_OF
1192|83|IS_PART_OF
1193|83|IS_PART_OF
1194|83|IS_PART_OF
1195|83|IS_PART_OF
1196|83|IS_PART_OF
1197|84|IS_PART_OF
1198|84|IS_PART_OF
1199|84|IS_PART_OF
1200|84|IS_PART_OF
1201|84|IS_PART_OF
1202|84|IS_PART_OF
1203|84|IS_PART_OF
1204|84|IS_PART_OF
1205|84|IS_PART_OF
1206|84|IS_PART_OF
1207|85|IS_PART_OF
1208|85|IS_PART_OF
1209|85|IS_PART_OF
1210|85|IS_PART_OF
1211|85|IS_PART_OF
1212|85|IS_PART_OF
1213|85|IS_PART_OF
1214|85|IS_PART_OF
1215|85|IS_PART_OF
1216|85|IS_PART_OF
1217|86|IS_PART_OF
1218|86|IS_PART_OF
1219|86|IS_PART_OF
1220|86|IS_PART_OF
1221|86|IS_PART_OF
1222|86|IS_PART_OF
1223|86|IS_PART_OF
1224|86|IS_PART_OF
1225|86|IS_PART_OF
1226|86|IS_PART_OF
1227|87|IS_PART_OF
1228|87|IS_PART_OF
1229|87|IS_PART_OF
1230|87|IS_PART_OF
1231|87|IS_PART_OF
1232|87|IS_PART_OF
1233|87|IS_PART_OF
1234|87|IS_PART_OF
1235|87|IS_PART_OF
1236|87|IS_PART_OF
1237|88|IS_PART_OF
1238|88|IS_PART_OF
1239|88|IS_PART_OF
1240|88|IS_PART_OF
1241|88|IS_PART_OF
1242|88|IS_PART_OF
1243|88|IS_PART_OF
1244|88|IS_PART_OF
1245|88|IS_PART_OF
1246|88|IS_PART_OF
1247|89|IS_PART_OF
1248|89|IS_PART_OF
1249|89|IS_PART_OF
1250|89|IS_PART_OF
1251|89|IS_PART_OF
1252|89|IS_PART_OF
1253|89|IS_PART_OF
1254|89|IS_PART_OF
1255|89|IS_PART_OF
1256|89|IS_PART_OF
1257|90|IS_PART_OF
1258|90|IS_PART_OF
1259|90|IS_PART_OF
1260|90|IS_PART_OF
1261|90|IS_PART_OF
1262|90|IS_PART_OF
1263|90|IS_PART_OF
1264|90|IS_PART_OF
1265|90|IS_PART_OF
1266|90|IS_PART_OF
1267|91|IS_PART_OF
1268|91|IS_PART_OF
1269|91|IS_PART_OF
1270|91|IS_PART_OF
1271|91|IS_PART_OF
1272|91|IS_PART_OF
1273|91|IS_PART_OF
1274|91|IS_PART_OF
1275|91|IS_PART_OF
1276|91|IS_PART_OF
1277|92|IS_PART_OF
1278|92|IS_PART_OF
1279|92|IS_PART_OF
1280|92|IS_PART_OF
1281|92|IS_PART_OF
1282|92|IS_PART_OF
1283|92|IS_PART_OF
1284|92|IS_PART_OF
1285|92|IS_PART_OF
1286|92|IS_PART_OF
1287|93|IS_PART_OF
1288|93|IS_PART_OF
1289|93|IS_PART_OF
1290|93|IS_PART_OF
1291|93|IS_PART_OF
1292|93|IS_PART_OF
1293|93|IS_PART_OF
1294|93|IS_PART_OF
1295|93|IS_PART_OF
1296|93|IS_PART_OF
1297|94|IS_PART_OF
1298|94|IS_PART_OF
1299|94|IS_PART_OF
1300|94|IS_PART_OF
1301|94|IS_PART_OF
1302|94|IS_PART_OF
1303|94|IS_PART_OF
1304|94|IS_PART_OF
1305|95|IS_PART_OF
1306|95|IS_PART_OF
1307|95|IS_PART_OF
1308|95|IS_PART_OF
1309|95|IS_PART_OF
1310|95|IS_PART_OF
1311|95|IS_PART_OF
1312|95|IS_PART_OF
1313|95|IS_PART_OF
1314|95|IS_PART_OF
1315|96|IS_PART_OF
1316|96|IS_PART_OF
1317|96|IS_PART_OF
1318|96|IS_PART_OF
1319|96|IS_PART_OF
1320|96|IS_PART_OF
1321|96|IS_PART_OF
1322|96|IS_PART_OF
1323|96|IS_PART_OF
1324|97|IS_PART_OF
1325|97|IS_PART_OF
1326|97|IS_PART_OF
1327|97|IS_PART_OF
1328|97|IS_PART_OF
1329|97|IS_PART_OF
1330|97|IS_PART_OF
1331|97|IS_PART_OF
1332|97|IS_PART_OF
1333|98|IS_PART_OF
1334|98|IS_PART_OF
1335|98|IS_PART_OF
1336|98|IS_PART_OF
1337|98|IS_PART_OF
1338|98|IS_PART_OF
1339|98|IS_PART_OF
1340|98|IS_PART_OF
1341|98|IS_PART_OF
1342|98|IS_PART_OF
1343|99|IS_PART_OF
1344|99|IS_PART_OF
1345|99|IS_PART_OF
1346|99|IS_PART_OF
1347|99|IS_PART_OF
1348|99|IS_PART_OF
1349|99|IS_PART_OF
1350|99|IS_PART_OF
1351|99|IS_PART_OF
1352|99|IS_PART_OF
1353|100|IS_PART_OF
1354|100|IS_PART_OF
1355|100|IS_PART_OF
1356|100|IS_PART_OF
1357|100|IS_PART_OF
1358|100|IS_PART_OF
1359|100|IS_PART_OF
1360|100|IS_PART_OF
1361|100|IS_PART_OF
1362|100|IS_PART_OF
1363|101|IS_PART_OF
1364|101|IS_PART_OF
1365|101|IS_PART_OF
1366|101|IS_PART_OF
1367|101|IS_PART_OF
1368|101|IS_PART_OF
1369|101|IS_PART_OF
1370|101|IS_PART_OF
1371|101|IS_PART_OF
1372|101|IS_PART_OF
1373|102|IS_PART_OF
1374|102|IS_PART_OF
1375|102|IS_PART_OF
1376|102|IS_PART_OF
1377|102|IS_PART_OF
1378|102|IS_PART_OF
1379|102|IS_PART_OF
1380|102|IS_PART_OF
1381|102|IS_PART_OF
1382|103|IS_PART_OF
1383|103|IS_PART_OF
1384|103|IS_PART_OF
1385|103|IS_PART_OF
1386|103|IS_PART_OF
1387|103|IS_PART_OF
1388|103|IS_PART_OF
1389|103|IS_PART_OF
1390|103|IS_PART_OF
1391|103|IS_PART_OF
1392|104|IS_PART_OF
1393|104|IS_PART_OF
1394|104|IS_PART_OF
1395|104|IS_PART_OF
1396|104|IS_PART_OF
1397|104|IS_PART_OF
1398|104|IS_PART_OF
1399|104|IS_PART_OF
1400|104|IS_PART_OF
1401|104|IS_PART_OF
1402|105|IS_PART_OF
1403|105|IS_PART_OF
1404|105|IS_PART_OF
1405|105|IS_PART_OF
1406|105|IS_PART_OF
1407|105|IS_PART_OF
1408|105|IS_PART_OF
1409|105|IS_PART_OF
1410|105|IS_PART_OF
1411|105|IS_PART_OF
1412|106|IS_PART_OF
1413|106|IS_PART_OF
1414|106|IS_PART_OF
1415|106|IS_PART_OF
1416|106|IS_PART_OF
1417|106|IS_PART_OF
1418|106|IS_PART_OF
1419|106|IS_PART_OF
1420|106|IS_PART_OF
1421|106|IS_PART_OF
1422|107|IS_PART_OF
1423|107|IS_PART_OF
1424|107|IS_PART_OF
1425|107|IS_PART_OF
1426|108|IS_PART_OF
1427|108|IS_PART_OF
1428|108|IS_PART_OF
1429|108|IS_PART_OF
1430|108|IS_PART_OF
1431|108|IS_PART_OF
1432|108|IS_PART_OF
1433|108|IS_PART_OF
1434|109|IS_PART_OF
1435|109|IS_PART_OF
1436|109|IS_PART_OF
1437|109|IS_PART_OF
1438|109|IS_PART_OF
1439|109|IS_PART_OF
1440|109|IS_PART_OF
1441|109|IS_PART_OF
1442|109|IS_PART_OF
1443|109|IS_PART_OF
1444|110|IS_PART_OF
1445|110|IS_PART_OF
1446|110|IS_PART_OF
1447|110|IS_PART_OF
1448|110|IS_PART_OF
1449|110|IS_PART_OF
1450|110|IS_PART_OF
1451|110|IS_PART_OF
1452|110|IS_PART_OF
1453|110|IS_PART_OF
