:START_ID(COMPANY_ID)|:END_ID(COUNTRY_ID)|:TYPE
0|59|IS_LOCATED_IN
1|59|IS_LOCATED_IN
2|59|IS_LOCATED_IN
3|59|IS_LOCATED_IN
4|59|IS_LOCATED_IN
5|59|IS_LOCATED_IN
6|59|IS_LOCATED_IN
7|60|IS_LOCATED_IN
8|60|IS_LOCATED_IN
9|60|IS_LOCATED_IN
10|60|IS_LOCATED_IN
11|60|IS_LOCATED_IN
12|2|IS_LOCATED_IN
13|2|IS_LOCATED_IN
14|2|IS_LOCATED_IN
15|2|IS_LOCATED_IN
16|2|IS_LOCATED_IN
17|2|IS_LOCATED_IN
18|2|IS_LOCATED_IN
19|2|IS_LOCATED_IN
20|2|IS_LOCATED_IN
21|61|IS_LOCATED_IN
22|61|IS_LOCATED_IN
23|61|IS_LOCATED_IN
24|61|IS_LOCATED_IN
25|61|IS_LOCATED_IN
26|61|IS_LOCATED_IN
27|61|IS_LOCATED_IN
28|61|IS_LOCATED_IN
29|61|IS_LOCATED_IN
30|61|IS_LOCATED_IN
31|61|IS_LOCATED_IN
32|61|IS_LOCATED_IN
33|61|IS_LOCATED_IN
34|62|IS_LOCATED_IN
35|62|IS_LOCATED_IN
36|62|IS_LOCATED_IN
37|62|IS_LOCATED_IN
38|62|IS_LOCATED_IN
39|62|IS_LOCATED_IN
40|62|IS_LOCATED_IN
41|62|IS_LOCATED_IN
42|62|IS_LOCATED_IN
43|62|IS_LOCATED_IN
44|62|IS_LOCATED_IN
45|62|IS_LOCATED_IN
46|62|IS_LOCATED_IN
47|62|IS_LOCATED_IN
48|62|IS_LOCATED_IN
49|62|IS_LOCATED_IN
50|62|IS_LOCATED_IN
51|62|IS_LOCATED_IN
52|62|IS_LOCATED_IN
53|62|IS_LOCATED_IN
54|62|IS_LOCATED_IN
55|62|IS_LOCATED_IN
56|62|IS_LOCATED_IN
57|62|IS_LOCATED_IN
58|62|IS_LOCATED_IN
59|62|IS_LOCATED_IN
60|62|IS_LOCATED_IN
61|62|IS_LOCATED_IN
62|62|IS_LOCATED_IN
63|62|IS_LOCATED_IN
64|62|IS_LOCATED_IN
65|62|IS_LOCATED_IN
66|62|IS_LOCATED_IN
67|62|IS_LOCATED_IN
68|62|IS_LOCATED_IN
69|62|IS_LOCATED_IN
70|62|IS_LOCATED_IN
71|62|IS_LOCATED_IN
72|62|IS_LOCATED_IN
73|62|IS_LOCATED_IN
74|62|IS_LOCATED_IN
75|62|IS_LOCATED_IN
76|62|IS_LOCATED_IN
77|62|IS_LOCATED_IN
78|62|IS_LOCATED_IN
79|3|IS_LOCATED_IN
80|3|IS_LOCATED_IN
81|3|IS_LOCATED_IN
82|3|IS_LOCATED_IN
83|3|IS_LOCATED_IN
84|3|IS_LOCATED_IN
85|3|IS_LOCATED_IN
86|3|IS_LOCATED_IN
87|3|IS_LOCATED_IN
88|3|IS_LOCATED_IN
89|3|IS_LOCATED_IN
90|3|IS_LOCATED_IN
91|3|IS_LOCATED_IN
92|3|IS_LOCATED_IN
93|3|IS_LOCATED_IN
94|3|IS_LOCATED_IN
95|3|IS_LOCATED_IN
96|3|IS_LOCATED_IN
97|3|IS_LOCATED_IN
98|3|IS_LOCATED_IN
99|3|IS_LOCATED_IN
100|4|IS_LOCATED_IN
101|4|IS_LOCATED_IN
102|4|IS_LOCATED_IN
103|4|IS_LOCATED_IN
104|4|IS_LOCATED_IN
105|4|IS_LOCATED_IN
106|63|IS_LOCATED_IN
107|63|IS_LOCATED_IN
108|63|IS_LOCATED_IN
109|63|IS_LOCATED_IN
110|64|IS_LOCATED_IN
111|64|IS_LOCATED_IN
112|64|IS_LOCATED_IN
113|64|IS_LOCATED_IN
114|64|IS_LOCATED_IN
115|64|IS_LOCATED_IN
116|64|IS_LOCATED_IN
117|64|IS_LOCATED_IN
118|64|IS_LOCATED_IN
119|64|IS_LOCATED_IN
120|64|IS_LOCATED_IN
121|64|IS_LOCATED_IN
122|5|IS_LOCATED_IN
123|5|IS_LOCATED_IN
124|5|IS_LOCATED_IN
125|5|IS_LOCATED_IN
126|5|IS_LOCATED_IN
127|5|IS_LOCATED_IN
128|5|IS_LOCATED_IN
129|6|IS_LOCATED_IN
130|6|IS_LOCATED_IN
131|6|IS_LOCATED_IN
132|6|IS_LOCATED_IN
133|6|IS_LOCATED_IN
134|6|IS_LOCATED_IN
135|49|IS_LOCATED_IN
136|49|IS_LOCATED_IN
137|49|IS_LOCATED_IN
138|49|IS_LOCATED_IN
139|49|IS_LOCATED_IN
140|49|IS_LOCATED_IN
141|49|IS_LOCATED_IN
142|49|IS_LOCATED_IN
143|49|IS_LOCATED_IN
144|49|IS_LOCATED_IN
145|49|IS_LOCATED_IN
146|49|IS_LOCATED_IN
147|49|IS_LOCATED_IN
148|49|IS_LOCATED_IN
149|49|IS_LOCATED_IN
150|49|IS_LOCATED_IN
151|49|IS_LOCATED_IN
152|49|IS_LOCATED_IN
153|49|IS_LOCATED_IN
154|49|IS_LOCATED_IN
155|49|IS_LOCATED_IN
156|49|IS_LOCATED_IN
157|49|IS_LOCATED_IN
158|49|IS_LOCATED_IN
159|49|IS_LOCATED_IN
160|49|IS_LOCATED_IN
161|49|IS_LOCATED_IN
162|49|IS_LOCATED_IN
163|49|IS_LOCATED_IN
164|49|IS_LOCATED_IN
165|49|IS_LOCATED_IN
166|49|IS_LOCATED_IN
167|49|IS_LOCATED_IN
168|49|IS_LOCATED_IN
169|49|IS_LOCATED_IN
170|49|IS_LOCATED_IN
171|49|IS_LOCATED_IN
172|49|IS_LOCATED_IN
173|49|IS_LOCATED_IN
174|49|IS_LOCATED_IN
175|49|IS_LOCATED_IN
176|49|IS_LOCATED_IN
177|49|IS_LOCATED_IN
178|49|IS_LOCATED_IN
179|49|IS_LOCATED_IN
180|49|IS_LOCATED_IN
181|49|IS_LOCATED_IN
182|49|IS_LOCATED_IN
183|49|IS_LOCATED_IN
184|49|IS_LOCATED_IN
185|49|IS_LOCATED_IN
186|7|IS_LOCATED_IN
187|7|IS_LOCATED_IN
188|7|IS_LOCATED_IN
189|7|IS_LOCATED_IN
190|7|IS_LOCATED_IN
191|7|IS_LOCATED_IN
192|7|IS_LOCATED_IN
193|7|IS_LOCATED_IN
194|7|IS_LOCATED_IN
195|67|IS_LOCATED_IN
196|67|IS_LOCATED_IN
197|67|IS_LOCATED_IN
198|67|IS_LOCATED_IN
199|67|IS_LOCATED_IN
200|67|IS_LOCATED_IN
201|67|IS_LOCATED_IN
202|67|IS_LOCATED_IN
203|67|IS_LOCATED_IN
204|67|IS_LOCATED_IN
205|68|IS_LOCATED_IN
206|68|IS_LOCATED_IN
207|68|IS_LOCATED_IN
208|68|IS_LOCATED_IN
209|68|IS_LOCATED_IN
210|66|IS_LOCATED_IN
211|66|IS_LOCATED_IN
212|66|IS_LOCATED_IN
213|66|IS_LOCATED_IN
214|66|IS_LOCATED_IN
215|66|IS_LOCATED_IN
216|66|IS_LOCATED_IN
217|66|IS_LOCATED_IN
218|66|IS_LOCATED_IN
219|66|IS_LOCATED_IN
220|66|IS_LOCATED_IN
221|66|IS_LOCATED_IN
222|66|IS_LOCATED_IN
223|66|IS_LOCATED_IN
224|66|IS_LOCATED_IN
225|66|IS_LOCATED_IN
226|66|IS_LOCATED_IN
227|66|IS_LOCATED_IN
228|66|IS_LOCATED_IN
229|66|IS_LOCATED_IN
230|66|IS_LOCATED_IN
231|66|IS_LOCATED_IN
232|66|IS_LOCATED_IN
233|66|IS_LOCATED_IN
234|66|IS_LOCATED_IN
235|66|IS_LOCATED_IN
236|66|IS_LOCATED_IN
237|66|IS_LOCATED_IN
238|66|IS_LOCATED_IN
239|66|IS_LOCATED_IN
240|66|IS_LOCATED_IN
241|66|IS_LOCATED_IN
242|66|IS_LOCATED_IN
243|66|IS_LOCATED_IN
244|66|IS_LOCATED_IN
245|66|IS_LOCATED_IN
246|66|IS_LOCATED_IN
247|66|IS_LOCATED_IN
248|66|IS_LOCATED_IN
249|8|IS_LOCATED_IN
250|8|IS_LOCATED_IN
251|8|IS_LOCATED_IN
252|69|IS_LOCATED_IN
253|69|IS_LOCATED_IN
254|69|IS_LOCATED_IN
255|69|IS_LOCATED_IN
256|69|IS_LOCATED_IN
257|69|IS_LOCATED_IN
258|69|IS_LOCATED_IN
259|69|IS_LOCATED_IN
260|69|IS_LOCATED_IN
261|70|IS_LOCATED_IN
262|70|IS_LOCATED_IN
263|70|IS_LOCATED_IN
264|70|IS_LOCATED_IN
265|70|IS_LOCATED_IN
266|70|IS_LOCATED_IN
267|70|IS_LOCATED_IN
268|70|IS_LOCATED_IN
269|70|IS_LOCATED_IN
270|70|IS_LOCATED_IN
271|70|IS_LOCATED_IN
272|70|IS_LOCATED_IN
273|70|IS_LOCATED_IN
274|70|IS_LOCATED_IN
275|70|IS_LOCATED_IN
276|70|IS_LOCATED_IN
277|70|IS_LOCATED_IN
278|70|IS_LOCATED_IN
279|70|IS_LOCATED_IN
280|70|IS_LOCATED_IN
281|70|IS_LOCATED_IN
282|70|IS_LOCATED_IN
283|70|IS_LOCATED_IN
284|70|IS_LOCATED_IN
285|70|IS_LOCATED_IN
286|70|IS_LOCATED_IN
287|70|IS_LOCATED_IN
288|70|IS_LOCATED_IN
289|70|IS_LOCATED_IN
290|70|IS_LOCATED_IN
291|70|IS_LOCATED_IN
292|9|IS_LOCATED_IN
293|9|IS_LOCATED_IN
294|9|IS_LOCATED_IN
295|9|IS_LOCATED_IN
296|71|IS_LOCATED_IN
297|71|IS_LOCATED_IN
298|71|IS_LOCATED_IN
299|72|IS_LOCATED_IN
300|72|IS_LOCATED_IN
301|72|IS_LOCATED_IN
302|72|IS_LOCATED_IN
303|72|IS_LOCATED_IN
304|72|IS_LOCATED_IN
305|72|IS_LOCATED_IN
306|72|IS_LOCATED_IN
307|72|IS_LOCATED_IN
308|73|IS_LOCATED_IN
309|73|IS_LOCATED_IN
310|73|IS_LOCATED_IN
311|73|IS_LOCATED_IN
312|73|IS_LOCATED_IN
313|73|IS_LOCATED_IN
314|73|IS_LOCATED_IN
315|73|IS_LOCATED_IN
316|73|IS_LOCATED_IN
317|73|IS_LOCATED_IN
318|73|IS_LOCATED_IN
319|73|IS_LOCATED_IN
320|73|IS_LOCATED_IN
321|73|IS_LOCATED_IN
322|73|IS_LOCATED_IN
323|73|IS_LOCATED_IN
324|73|IS_LOCATED_IN
325|73|IS_LOCATED_IN
326|73|IS_LOCATED_IN
327|73|IS_LOCATED_IN
328|73|IS_LOCATED_IN
329|73|IS_LOCATED_IN
330|73|IS_LOCATED_IN
331|73|IS_LOCATED_IN
332|10|IS_LOCATED_IN
333|10|IS_LOCATED_IN
334|10|IS_LOCATED_IN
335|10|IS_LOCATED_IN
336|10|IS_LOCATED_IN
337|10|IS_LOCATED_IN
338|10|IS_LOCATED_IN
339|10|IS_LOCATED_IN
340|10|IS_LOCATED_IN
341|10|IS_LOCATED_IN
342|10|IS_LOCATED_IN
343|10|IS_LOCATED_IN
344|10|IS_LOCATED_IN
345|11|IS_LOCATED_IN
346|11|IS_LOCATED_IN
347|74|IS_LOCATED_IN
348|74|IS_LOCATED_IN
349|74|IS_LOCATED_IN
350|74|IS_LOCATED_IN
351|74|IS_LOCATED_IN
352|74|IS_LOCATED_IN
353|74|IS_LOCATED_IN
354|74|IS_LOCATED_IN
355|74|IS_LOCATED_IN
356|74|IS_LOCATED_IN
357|74|IS_LOCATED_IN
358|74|IS_LOCATED_IN
359|74|IS_LOCATED_IN
360|74|IS_LOCATED_IN
361|74|IS_LOCATED_IN
362|74|IS_LOCATED_IN
363|74|IS_LOCATED_IN
364|74|IS_LOCATED_IN
365|74|IS_LOCATED_IN
366|74|IS_LOCATED_IN
367|74|IS_LOCATED_IN
368|74|IS_LOCATED_IN
369|74|IS_LOCATED_IN
370|75|IS_LOCATED_IN
371|75|IS_LOCATED_IN
372|75|IS_LOCATED_IN
373|75|IS_LOCATED_IN
374|75|IS_LOCATED_IN
375|75|IS_LOCATED_IN
376|75|IS_LOCATED_IN
377|75|IS_LOCATED_IN
378|75|IS_LOCATED_IN
379|75|IS_LOCATED_IN
380|75|IS_LOCATED_IN
381|75|IS_LOCATED_IN
382|75|IS_LOCATED_IN
383|75|IS_LOCATED_IN
384|75|IS_LOCATED_IN
385|75|IS_LOCATED_IN
386|75|IS_LOCATED_IN
387|75|IS_LOCATED_IN
388|75|IS_LOCATED_IN
389|75|IS_LOCATED_IN
390|75|IS_LOCATED_IN
391|75|IS_LOCATED_IN
392|75|IS_LOCATED_IN
393|75|IS_LOCATED_IN
394|13|IS_LOCATED_IN
395|13|IS_LOCATED_IN
396|13|IS_LOCATED_IN
397|13|IS_LOCATED_IN
398|13|IS_LOCATED_IN
399|76|IS_LOCATED_IN
400|76|IS_LOCATED_IN
401|14|IS_LOCATED_IN
402|14|IS_LOCATED_IN
403|14|IS_LOCATED_IN
404|14|IS_LOCATED_IN
405|14|IS_LOCATED_IN
406|14|IS_LOCATED_IN
407|14|IS_LOCATED_IN
408|14|IS_LOCATED_IN
409|14|IS_LOCATED_IN
410|14|IS_LOCATED_IN
411|77|IS_LOCATED_IN
412|77|IS_LOCATED_IN
413|77|IS_LOCATED_IN
414|77|IS_LOCATED_IN
415|77|IS_LOCATED_IN
416|77|IS_LOCATED_IN
417|77|IS_LOCATED_IN
418|77|IS_LOCATED_IN
419|77|IS_LOCATED_IN
420|77|IS_LOCATED_IN
421|77|IS_LOCATED_IN
422|77|IS_LOCATED_IN
423|77|IS_LOCATED_IN
424|77|IS_LOCATED_IN
425|77|IS_LOCATED_IN
426|77|IS_LOCATED_IN
427|77|IS_LOCATED_IN
428|77|IS_LOCATED_IN
429|77|IS_LOCATED_IN
430|77|IS_LOCATED_IN
431|77|IS_LOCATED_IN
432|77|IS_LOCATED_IN
433|77|IS_LOCATED_IN
434|77|IS_LOCATED_IN
435|77|IS_LOCATED_IN
436|77|IS_LOCATED_IN
437|77|IS_LOCATED_IN
438|77|IS_LOCATED_IN
439|77|IS_LOCATED_IN
440|77|IS_LOCATED_IN
441|77|IS_LOCATED_IN
442|50|IS_LOCATED_IN
443|50|IS_LOCATED_IN
444|50|IS_LOCATED_IN
445|50|IS_LOCATED_IN
446|50|IS_LOCATED_IN
447|50|IS_LOCATED_IN
448|50|IS_LOCATED_IN
449|50|IS_LOCATED_IN
450|50|IS_LOCATED_IN
451|50|IS_LOCATED_IN
452|50|IS_LOCATED_IN
453|50|IS_LOCATED_IN
454|50|IS_LOCATED_IN
455|50|IS_LOCATED_IN
456|50|IS_LOCATED_IN
457|50|IS_LOCATED_IN
458|50|IS_LOCATED_IN
459|50|IS_LOCATED_IN
460|50|IS_LOCATED_IN
461|50|IS_LOCATED_IN
462|50|IS_LOCATED_IN
463|50|IS_LOCATED_IN
464|50|IS_LOCATED_IN
465|50|IS_LOCATED_IN
466|50|IS_LOCATED_IN
467|50|IS_LOCATED_IN
468|50|IS_LOCATED_IN
469|50|IS_LOCATED_IN
470|50|IS_LOCATED_IN
471|50|IS_LOCATED_IN
472|50|IS_LOCATED_IN
473|50|IS_LOCATED_IN
474|50|IS_LOCATED_IN
475|50|IS_LOCATED_IN
476|50|IS_LOCATED_IN
477|50|IS_LOCATED_IN
478|50|IS_LOCATED_IN
479|50|IS_LOCATED_IN
480|50|IS_LOCATED_IN
481|50|IS_LOCATED_IN
482|50|IS_LOCATED_IN
483|50|IS_LOCATED_IN
484|50|IS_LOCATED_IN
485|50|IS_LOCATED_IN
486|50|IS_LOCATED_IN
487|50|IS_LOCATED_IN
488|50|IS_LOCATED_IN
489|50|IS_LOCATED_IN
490|78|IS_LOCATED_IN
491|78|IS_LOCATED_IN
492|78|IS_LOCATED_IN
493|78|IS_LOCATED_IN
494|78|IS_LOCATED_IN
495|78|IS_LOCATED_IN
496|78|IS_LOCATED_IN
497|78|IS_LOCATED_IN
498|78|IS_LOCATED_IN
499|78|IS_LOCATED_IN
500|78|IS_LOCATED_IN
501|78|IS_LOCATED_IN
502|78|IS_LOCATED_IN
503|78|IS_LOCATED_IN
504|78|IS_LOCATED_IN
505|78|IS_LOCATED_IN
506|78|IS_LOCATED_IN
507|78|IS_LOCATED_IN
508|78|IS_LOCATED_IN
509|78|IS_LOCATED_IN
510|78|IS_LOCATED_IN
511|78|IS_LOCATED_IN
512|78|IS_LOCATED_IN
513|78|IS_LOCATED_IN
514|78|IS_LOCATED_IN
515|78|IS_LOCATED_IN
516|78|IS_LOCATED_IN
517|78|IS_LOCATED_IN
518|15|IS_LOCATED_IN
519|15|IS_LOCATED_IN
520|15|IS_LOCATED_IN
521|15|IS_LOCATED_IN
522|15|IS_LOCATED_IN
523|16|IS_LOCATED_IN
524|16|IS_LOCATED_IN
525|16|IS_LOCATED_IN
526|16|IS_LOCATED_IN
527|16|IS_LOCATED_IN
528|16|IS_LOCATED_IN
529|16|IS_LOCATED_IN
530|16|IS_LOCATED_IN
531|16|IS_LOCATED_IN
532|79|IS_LOCATED_IN
533|79|IS_LOCATED_IN
534|79|IS_LOCATED_IN
535|79|IS_LOCATED_IN
536|79|IS_LOCATED_IN
537|79|IS_LOCATED_IN
538|0|IS_LOCATED_IN
539|0|IS_LOCATED_IN
540|0|IS_LOCATED_IN
541|0|IS_LOCATED_IN
542|0|IS_LOCATED_IN
543|0|IS_LOCATED_IN
544|0|IS_LOCATED_IN
545|0|IS_LOCATED_IN
546|0|IS_LOCATED_IN
547|0|IS_LOCATED_IN
548|0|IS_LOCATED_IN
549|0|IS_LOCATED_IN
550|0|IS_LOCATED_IN
551|0|IS_LOCATED_IN
552|0|IS_LOCATED_IN
553|0|IS_LOCATED_IN
554|0|IS_LOCATED_IN
555|51|IS_LOCATED_IN
556|51|IS_LOCATED_IN
557|51|IS_LOCATED_IN
558|51|IS_LOCATED_IN
559|51|IS_LOCATED_IN
560|51|IS_LOCATED_IN
561|51|IS_LOCATED_IN
562|51|IS_LOCATED_IN
563|51|IS_LOCATED_IN
564|51|IS_LOCATED_IN
565|51|IS_LOCATED_IN
566|51|IS_LOCATED_IN
567|51|IS_LOCATED_IN
568|51|IS_LOCATED_IN
569|51|IS_LOCATED_IN
570|51|IS_LOCATED_IN
571|51|IS_LOCATED_IN
572|51|IS_LOCATED_IN
573|51|IS_LOCATED_IN
574|51|IS_LOCATED_IN
575|51|IS_LOCATED_IN
576|51|IS_LOCATED_IN
577|51|IS_LOCATED_IN
578|51|IS_LOCATED_IN
579|51|IS_LOCATED_IN
580|51|IS_LOCATED_IN
581|51|IS_LOCATED_IN
582|51|IS_LOCATED_IN
583|51|IS_LOCATED_IN
584|51|IS_LOCATED_IN
585|51|IS_LOCATED_IN
586|51|IS_LOCATED_IN
587|51|IS_LOCATED_IN
588|51|IS_LOCATED_IN
589|80|IS_LOCATED_IN
590|80|IS_LOCATED_IN
591|80|IS_LOCATED_IN
592|80|IS_LOCATED_IN
593|80|IS_LOCATED_IN
594|80|IS_LOCATED_IN
595|80|IS_LOCATED_IN
596|80|IS_LOCATED_IN
597|80|IS_LOCATED_IN
598|80|IS_LOCATED_IN
599|80|IS_LOCATED_IN
600|80|IS_LOCATED_IN
601|80|IS_LOCATED_IN
602|80|IS_LOCATED_IN
603|80|IS_LOCATED_IN
604|80|IS_LOCATED_IN
605|80|IS_LOCATED_IN
606|80|IS_LOCATED_IN
607|17|IS_LOCATED_IN
608|17|IS_LOCATED_IN
609|17|IS_LOCATED_IN
610|17|IS_LOCATED_IN
611|17|IS_LOCATED_IN
612|17|IS_LOCATED_IN
613|17|IS_LOCATED_IN
614|17|IS_LOCATED_IN
615|17|IS_LOCATED_IN
616|17|IS_LOCATED_IN
617|81|IS_LOCATED_IN
618|81|IS_LOCATED_IN
619|81|IS_LOCATED_IN
620|81|IS_LOCATED_IN
621|81|IS_LOCATED_IN
622|81|IS_LOCATED_IN
623|81|IS_LOCATED_IN
624|81|IS_LOCATED_IN
625|81|IS_LOCATED_IN
626|81|IS_LOCATED_IN
627|81|IS_LOCATED_IN
628|81|IS_LOCATED_IN
629|81|IS_LOCATED_IN
630|81|IS_LOCATED_IN
631|81|IS_LOCATED_IN
632|81|IS_LOCATED_IN
633|81|IS_LOCATED_IN
634|81|IS_LOCATED_IN
635|81|IS_LOCATED_IN
636|81|IS_LOCATED_IN
637|81|IS_LOCATED_IN
638|81|IS_LOCATED_IN
639|81|IS_LOCATED_IN
640|81|IS_LOCATED_IN
641|81|IS_LOCATED_IN
642|81|IS_LOCATED_IN
643|81|IS_LOCATED_IN
644|81|IS_LOCATED_IN
645|81|IS_LOCATED_IN
646|81|IS_LOCATED_IN
647|81|IS_LOCATED_IN
648|81|IS_LOCATED_IN
649|81|IS_LOCATED_IN
650|81|IS_LOCATED_IN
651|81|IS_LOCATED_IN
652|81|IS_LOCATED_IN
653|81|IS_LOCATED_IN
654|81|IS_LOCATED_IN
655|81|IS_LOCATED_IN
656|81|IS_LOCATED_IN
657|81|IS_LOCATED_IN
658|81|IS_LOCATED_IN
659|81|IS_LOCATED_IN
660|81|IS_LOCATED_IN
661|81|IS_LOCATED_IN
662|81|IS_LOCATED_IN
663|81|IS_LOCATED_IN
664|52|IS_LOCATED_IN
665|52|IS_LOCATED_IN
666|52|IS_LOCATED_IN
667|52|IS_LOCATED_IN
668|52|IS_LOCATED_IN
669|52|IS_LOCATED_IN
670|52|IS_LOCATED_IN
671|52|IS_LOCATED_IN
672|52|IS_LOCATED_IN
673|52|IS_LOCATED_IN
674|52|IS_LOCATED_IN
675|52|IS_LOCATED_IN
676|52|IS_LOCATED_IN
677|52|IS_LOCATED_IN
678|52|IS_LOCATED_IN
679|52|IS_LOCATED_IN
680|52|IS_LOCATED_IN
681|52|IS_LOCATED_IN
682|52|IS_LOCATED_IN
683|18|IS_LOCATED_IN
684|18|IS_LOCATED_IN
685|18|IS_LOCATED_IN
686|18|IS_LOCATED_IN
687|18|IS_LOCATED_IN
688|18|IS_LOCATED_IN
689|18|IS_LOCATED_IN
690|18|IS_LOCATED_IN
691|18|IS_LOCATED_IN
692|18|IS_LOCATED_IN
693|18|IS_LOCATED_IN
694|18|IS_LOCATED_IN
695|18|IS_LOCATED_IN
696|82|IS_LOCATED_IN
697|82|IS_LOCATED_IN
698|82|IS_LOCATED_IN
699|82|IS_LOCATED_IN
700|82|IS_LOCATED_IN
701|82|IS_LOCATED_IN
702|82|IS_LOCATED_IN
703|82|IS_LOCATED_IN
704|82|IS_LOCATED_IN
705|82|IS_LOCATED_IN
706|82|IS_LOCATED_IN
707|82|IS_LOCATED_IN
708|82|IS_LOCATED_IN
709|82|IS_LOCATED_IN
710|82|IS_LOCATED_IN
711|82|IS_LOCATED_IN
712|82|IS_LOCATED_IN
713|82|IS_LOCATED_IN
714|82|IS_LOCATED_IN
715|82|IS_LOCATED_IN
716|83|IS_LOCATED_IN
717|83|IS_LOCATED_IN
718|83|IS_LOCATED_IN
719|83|IS_LOCATED_IN
720|83|IS_LOCATED_IN
721|83|IS_LOCATED_IN
722|83|IS_LOCATED_IN
723|83|IS_LOCATED_IN
724|83|IS_LOCATED_IN
725|83|IS_LOCATED_IN
726|83|IS_LOCATED_IN
727|83|IS_LOCATED_IN
728|19|IS_LOCATED_IN
729|19|IS_LOCATED_IN
730|20|IS_LOCATED_IN
731|20|IS_LOCATED_IN
732|20|IS_LOCATED_IN
733|20|IS_LOCATED_IN
734|20|IS_LOCATED_IN
735|21|IS_LOCATED_IN
736|21|IS_LOCATED_IN
737|22|IS_LOCATED_IN
738|22|IS_LOCATED_IN
739|22|IS_LOCATED_IN
740|22|IS_LOCATED_IN
741|22|IS_LOCATED_IN
742|22|IS_LOCATED_IN
743|22|IS_LOCATED_IN
744|22|IS_LOCATED_IN
745|22|IS_LOCATED_IN
746|22|IS_LOCATED_IN
747|22|IS_LOCATED_IN
748|22|IS_LOCATED_IN
749|23|IS_LOCATED_IN
750|23|IS_LOCATED_IN
751|23|IS_LOCATED_IN
752|23|IS_LOCATED_IN
753|23|IS_LOCATED_IN
754|23|IS_LOCATED_IN
755|23|IS_LOCATED_IN
756|23|IS_LOCATED_IN
757|23|IS_LOCATED_IN
758|84|IS_LOCATED_IN
759|85|IS_LOCATED_IN
760|85|IS_LOCATED_IN
761|85|IS_LOCATED_IN
762|85|IS_LOCATED_IN
763|85|IS_LOCATED_IN
764|85|IS_LOCATED_IN
765|85|IS_LOCATED_IN
766|85|IS_LOCATED_IN
767|85|IS_LOCATED_IN
768|85|IS_LOCATED_IN
769|85|IS_LOCATED_IN
770|85|IS_LOCATED_IN
771|24|IS_LOCATED_IN
772|24|IS_LOCATED_IN
773|24|IS_LOCATED_IN
774|24|IS_LOCATED_IN
775|25|IS_LOCATED_IN
776|25|IS_LOCATED_IN
777|26|IS_LOCATED_IN
778|53|IS_LOCATED_IN
779|53|IS_LOCATED_IN
780|53|IS_LOCATED_IN
781|53|IS_LOCATED_IN
782|53|IS_LOCATED_IN
783|53|IS_LOCATED_IN
784|53|IS_LOCATED_IN
785|53|IS_LOCATED_IN
786|53|IS_LOCATED_IN
787|53|IS_LOCATED_IN
788|53|IS_LOCATED_IN
789|53|IS_LOCATED_IN
790|53|IS_LOCATED_IN
791|53|IS_LOCATED_IN
792|53|IS_LOCATED_IN
793|53|IS_LOCATED_IN
794|53|IS_LOCATED_IN
795|53|IS_LOCATED_IN
796|53|IS_LOCATED_IN
797|53|IS_LOCATED_IN
798|53|IS_LOCATED_IN
799|53|IS_LOCATED_IN
800|53|IS_LOCATED_IN
801|53|IS_LOCATED_IN
802|53|IS_LOCATED_IN
803|53|IS_LOCATED_IN
804|53|IS_LOCATED_IN
805|53|IS_LOCATED_IN
806|53|IS_LOCATED_IN
807|53|IS_LOCATED_IN
808|53|IS_LOCATED_IN
809|86|IS_LOCATED_IN
810|86|IS_LOCATED_IN
811|86|IS_LOCATED_IN
812|86|IS_LOCATED_IN
813|86|IS_LOCATED_IN
814|27|IS_LOCATED_IN
815|27|IS_LOCATED_IN
816|27|IS_LOCATED_IN
817|27|IS_LOCATED_IN
818|87|IS_LOCATED_IN
819|87|IS_LOCATED_IN
820|87|IS_LOCATED_IN
821|87|IS_LOCATED_IN
822|87|IS_LOCATED_IN
823|87|IS_LOCATED_IN
824|88|IS_LOCATED_IN
825|88|IS_LOCATED_IN
826|88|IS_LOCATED_IN
827|88|IS_LOCATED_IN
828|89|IS_LOCATED_IN
829|89|IS_LOCATED_IN
830|89|IS_LOCATED_IN
831|89|IS_LOCATED_IN
832|89|IS_LOCATED_IN
833|89|IS_LOCATED_IN
834|89|IS_LOCATED_IN
835|89|IS_LOCATED_IN
836|89|IS_LOCATED_IN
837|89|IS_LOCATED_IN
838|89|IS_LOCATED_IN
839|89|IS_LOCATED_IN
840|89|IS_LOCATED_IN
841|89|IS_LOCATED_IN
842|89|IS_LOCATED_IN
843|89|IS_LOCATED_IN
844|29|IS_LOCATED_IN
845|29|IS_LOCATED_IN
846|29|IS_LOCATED_IN
847|29|IS_LOCATED_IN
848|29|IS_LOCATED_IN
849|29|IS_LOCATED_IN
850|29|IS_LOCATED_IN
851|29|IS_LOCATED_IN
852|29|IS_LOCATED_IN
853|29|IS_LOCATED_IN
854|29|IS_LOCATED_IN
855|29|IS_LOCATED_IN
856|29|IS_LOCATED_IN
857|29|IS_LOCATED_IN
858|29|IS_LOCATED_IN
859|29|IS_LOCATED_IN
860|29|IS_LOCATED_IN
861|30|IS_LOCATED_IN
862|30|IS_LOCATED_IN
863|30|IS_LOCATED_IN
864|90|IS_LOCATED_IN
865|90|IS_LOCATED_IN
866|90|IS_LOCATED_IN
867|32|IS_LOCATED_IN
868|32|IS_LOCATED_IN
869|32|IS_LOCATED_IN
870|32|IS_LOCATED_IN
871|32|IS_LOCATED_IN
872|32|IS_LOCATED_IN
873|32|IS_LOCATED_IN
874|32|IS_LOCATED_IN
875|32|IS_LOCATED_IN
876|32|IS_LOCATED_IN
877|32|IS_LOCATED_IN
878|32|IS_LOCATED_IN
879|32|IS_LOCATED_IN
880|32|IS_LOCATED_IN
881|32|IS_LOCATED_IN
882|32|IS_LOCATED_IN
883|32|IS_LOCATED_IN
884|32|IS_LOCATED_IN
885|32|IS_LOCATED_IN
886|32|IS_LOCATED_IN
887|54|IS_LOCATED_IN
888|54|IS_LOCATED_IN
889|54|IS_LOCATED_IN
890|54|IS_LOCATED_IN
891|54|IS_LOCATED_IN
892|54|IS_LOCATED_IN
893|54|IS_LOCATED_IN
894|54|IS_LOCATED_IN
895|54|IS_LOCATED_IN
896|54|IS_LOCATED_IN
897|54|IS_LOCATED_IN
898|34|IS_LOCATED_IN
899|34|IS_LOCATED_IN
900|34|IS_LOCATED_IN
901|34|IS_LOCATED_IN
902|34|IS_LOCATED_IN
903|35|IS_LOCATED_IN
904|35|IS_LOCATED_IN
905|1|IS_LOCATED_IN
906|1|IS_LOCATED_IN
907|1|IS_LOCATED_IN
908|1|IS_LOCATED_IN
909|1|IS_LOCATED_IN
910|1|IS_LOCATED_IN
911|1|IS_LOCATED_IN
912|1|IS_LOCATED_IN
913|1|IS_LOCATED_IN
914|1|IS_LOCATED_IN
915|1|IS_LOCATED_IN
916|1|IS_LOCATED_IN
917|1|IS_LOCATED_IN
918|1|IS_LOCATED_IN
919|1|IS_LOCATED_IN
920|1|IS_LOCATED_IN
921|1|IS_LOCATED_IN
922|1|IS_LOCATED_IN
923|1|IS_LOCATED_IN
924|1|IS_LOCATED_IN
925|1|IS_LOCATED_IN
926|1|IS_LOCATED_IN
927|1|IS_LOCATED_IN
928|1|IS_LOCATED_IN
929|1|IS_LOCATED_IN
930|1|IS_LOCATED_IN
931|1|IS_LOCATED_IN
932|1|IS_LOCATED_IN
933|1|IS_LOCATED_IN
934|1|IS_LOCATED_IN
935|1|IS_LOCATED_IN
936|1|IS_LOCATED_IN
937|1|IS_LOCATED_IN
938|1|IS_LOCATED_IN
939|91|IS_LOCATED_IN
940|91|IS_LOCATED_IN
941|91|IS_LOCATED_IN
942|91|IS_LOCATED_IN
943|91|IS_LOCATED_IN
944|91|IS_LOCATED_IN
945|91|IS_LOCATED_IN
946|91|IS_LOCATED_IN
947|91|IS_LOCATED_IN
948|91|IS_LOCATED_IN
949|55|IS_LOCATED_IN
950|55|IS_LOCATED_IN
951|55|IS_LOCATED_IN
952|55|IS_LOCATED_IN
953|55|IS_LOCATED_IN
954|55|IS_LOCATED_IN
955|55|IS_LOCATED_IN
956|55|IS_LOCATED_IN
957|55|IS_LOCATED_IN
958|55|IS_LOCATED_IN
959|55|IS_LOCATED_IN
960|55|IS_LOCATED_IN
961|55|IS_LOCATED_IN
962|55|IS_LOCATED_IN
963|55|IS_LOCATED_IN
964|55|IS_LOCATED_IN
965|55|IS_LOCATED_IN
966|55|IS_LOCATED_IN
967|55|IS_LOCATED_IN
968|55|IS_LOCATED_IN
969|92|IS_LOCATED_IN
970|92|IS_LOCATED_IN
971|92|IS_LOCATED_IN
972|92|IS_LOCATED_IN
973|92|IS_LOCATED_IN
974|92|IS_LOCATED_IN
975|92|IS_LOCATED_IN
976|92|IS_LOCATED_IN
977|92|IS_LOCATED_IN
978|92|IS_LOCATED_IN
979|92|IS_LOCATED_IN
980|92|IS_LOCATED_IN
981|92|IS_LOCATED_IN
982|93|IS_LOCATED_IN
983|93|IS_LOCATED_IN
984|93|IS_LOCATED_IN
985|93|IS_LOCATED_IN
986|93|IS_LOCATED_IN
987|93|IS_LOCATED_IN
988|93|IS_LOCATED_IN
989|93|IS_LOCATED_IN
990|93|IS_LOCATED_IN
991|93|IS_LOCATED_IN
992|93|IS_LOCATED_IN
993|93|IS_LOCATED_IN
994|93|IS_LOCATED_IN
995|93|IS_LOCATED_IN
996|93|IS_LOCATED_IN
997|93|IS_LOCATED_IN
998|36|IS_LOCATED_IN
999|36|IS_LOCATED_IN
1000|36|IS_LOCATED_IN
1001|94|IS_LOCATED_IN
1002|94|IS_LOCATED_IN
1003|37|IS_LOCATED_IN
1004|37|IS_LOCATED_IN
1005|37|IS_LOCATED_IN
1006|37|IS_LOCATED_IN
1007|37|IS_LOCATED_IN
1008|37|IS_LOCATED_IN
1009|38|IS_LOCATED_IN
1010|38|IS_LOCATED_IN
1011|38|IS_LOCATED_IN
1012|38|IS_LOCATED_IN
1013|95|IS_LOCATED_IN
1014|95|IS_LOCATED_IN
1015|95|IS_LOCATED_IN
1016|95|IS_LOCATED_IN
1017|95|IS_LOCATED_IN
1018|95|IS_LOCATED_IN
1019|95|IS_LOCATED_IN
1020|95|IS_LOCATED_IN
1021|95|IS_LOCATED_IN
1022|95|IS_LOCATED_IN
1023|56|IS_LOCATED_IN
1024|56|IS_LOCATED_IN
1025|56|IS_LOCATED_IN
1026|56|IS_LOCATED_IN
1027|56|IS_LOCATED_IN
1028|56|IS_LOCATED_IN
1029|56|IS_LOCATED_IN
1030|56|IS_LOCATED_IN
1031|56|IS_LOCATED_IN
1032|56|IS_LOCATED_IN
1033|56|IS_LOCATED_IN
1034|56|IS_LOCATED_IN
1035|56|IS_LOCATED_IN
1036|56|IS_LOCATED_IN
1037|56|IS_LOCATED_IN
1038|56|IS_LOCATED_IN
1039|56|IS_LOCATED_IN
1040|56|IS_LOCATED_IN
1041|56|IS_LOCATED_IN
1042|56|IS_LOCATED_IN
1043|56|IS_LOCATED_IN
1044|56|IS_LOCATED_IN
1045|56|IS_LOCATED_IN
1046|56|IS_LOCATED_IN
1047|56|IS_LOCATED_IN
1048|56|IS_LOCATED_IN
1049|56|IS_LOCATED_IN
1050|56|IS_LOCATED_IN
1051|56|IS_LOCATED_IN
1052|56|IS_LOCATED_IN
1053|56|IS_LOCATED_IN
1054|56|IS_LOCATED_IN
1055|56|IS_LOCATED_IN
1056|56|IS_LOCATED_IN
1057|56|IS_LOCATED_IN
1058|56|IS_LOCATED_IN
1059|56|IS_LOCATED_IN
1060|56|IS_LOCATED_IN
1061|56|IS_LOCATED_IN
1062|56|IS_LOCATED_IN
1063|56|IS_LOCATED_IN
1064|56|IS_LOCATED_IN
1065|56|IS_LOCATED_IN
1066|56|IS_LOCATED_IN
1067|56|IS_LOCATED_IN
1068|56|IS_LOCATED_IN
1069|56|IS_LOCATED_IN
1070|56|IS_LOCATED_IN
1071|56|IS_LOCATED_IN
1072|56|IS_LOCATED_IN
1073|56|IS_LOCATED_IN
1074|56|IS_LOCATED_IN
1075|56|IS_LOCATED_IN
1076|56|IS_LOCATED_IN
1077|56|IS_LOCATED_IN
1078|56|IS_LOCATED_IN
1079|56|IS_LOCATED_IN
1080|56|IS_LOCATED_IN
1081|56|IS_LOCATED_IN
1082|56|IS_LOCATED_IN
1083|56|IS_LOCATED_IN
1084|56|IS_LOCATED_IN
1085|56|IS_LOCATED_IN
1086|56|IS_LOCATED_IN
1087|56|IS_LOCATED_IN
1088|56|IS_LOCATED_IN
1089|56|IS_LOCATED_IN
1090|56|IS_LOCATED_IN
1091|56|IS_LOCATED_IN
1092|56|IS_LOCATED_IN
1093|56|IS_LOCATED_IN
1094|56|IS_LOCATED_IN
1095|56|IS_LOCATED_IN
1096|56|IS_LOCATED_IN
1097|56|IS_LOCATED_IN
1098|56|IS_LOCATED_IN
1099|56|IS_LOCATED_IN
1100|56|IS_LOCATED_IN
1101|56|IS_LOCATED_IN
1102|56|IS_LOCATED_IN
1103|56|IS_LOCATED_IN
1104|56|IS_LOCATED_IN
1105|56|IS_LOCATED_IN
1106|56|IS_LOCATED_IN
1107|56|IS_LOCATED_IN
1108|56|IS_LOCATED_IN
1109|39|IS_LOCATED_IN
1110|39|IS_LOCATED_IN
1111|40|IS_LOCATED_IN
1112|40|IS_LOCATED_IN
1113|40|IS_LOCATED_IN
1114|40|IS_LOCATED_IN
1115|40|IS_LOCATED_IN
1116|40|IS_LOCATED_IN
1117|96|IS_LOCATED_IN
1118|96|IS_LOCATED_IN
1119|41|IS_LOCATED_IN
1120|41|IS_LOCATED_IN
1121|41|IS_LOCATED_IN
1122|41|IS_LOCATED_IN
1123|41|IS_LOCATED_IN
1124|41|IS_LOCATED_IN
1125|41|IS_LOCATED_IN
1126|41|IS_LOCATED_IN
1127|42|IS_LOCATED_IN
1128|42|IS_LOCATED_IN
1129|42|IS_LOCATED_IN
1130|42|IS_LOCATED_IN
1131|42|IS_LOCATED_IN
1132|42|IS_LOCATED_IN
1133|42|IS_LOCATED_IN
1134|42|IS_LOCATED_IN
1135|42|IS_LOCATED_IN
1136|43|IS_LOCATED_IN
1137|43|IS_LOCATED_IN
1138|43|IS_LOCATED_IN
1139|43|IS_LOCATED_IN
1140|97|IS_LOCATED_IN
1141|97|IS_LOCATED_IN
1142|97|IS_LOCATED_IN
1143|97|IS_LOCATED_IN
1144|97|IS_LOCATED_IN
1145|97|IS_LOCATED_IN
1146|97|IS_LOCATED_IN
1147|97|IS_LOCATED_IN
1148|97|IS_LOCATED_IN
1149|97|IS_LOCATED_IN
1150|97|IS_LOCATED_IN
1151|97|IS_LOCATED_IN
1152|97|IS_LOCATED_IN
1153|97|IS_LOCATED_IN
1154|97|IS_LOCATED_IN
1155|97|IS_LOCATED_IN
1156|97|IS_LOCATED_IN
1157|97|IS_LOCATED_IN
1158|97|IS_LOCATED_IN
1159|97|IS_LOCATED_IN
1160|97|IS_LOCATED_IN
1161|97|IS_LOCATED_IN
1162|97|IS_LOCATED_IN
1163|97|IS_LOCATED_IN
1164|97|IS_LOCATED_IN
1165|97|IS_LOCATED_IN
1166|97|IS_LOCATED_IN
1167|97|IS_LOCATED_IN
1168|97|IS_LOCATED_IN
1169|97|IS_LOCATED_IN
1170|97|IS_LOCATED_IN
1171|97|IS_LOCATED_IN
1172|97|IS_LOCATED_IN
1173|97|IS_LOCATED_IN
1174|98|IS_LOCATED_IN
1175|98|IS_LOCATED_IN
1176|98|IS_LOCATED_IN
1177|98|IS_LOCATED_IN
1178|98|IS_LOCATED_IN
1179|98|IS_LOCATED_IN
1180|98|IS_LOCATED_IN
1181|99|IS_LOCATED_IN
1182|99|IS_LOCATED_IN
1183|99|IS_LOCATED_IN
1184|99|IS_LOCATED_IN
1185|99|IS_LOCATED_IN
1186|99|IS_LOCATED_IN
1187|99|IS_LOCATED_IN
1188|99|IS_LOCATED_IN
1189|99|IS_LOCATED_IN
1190|99|IS_LOCATED_IN
1191|99|IS_LOCATED_IN
1192|99|IS_LOCATED_IN
1193|99|IS_LOCATED_IN
1194|99|IS_LOCATED_IN
1195|99|IS_LOCATED_IN
1196|99|IS_LOCATED_IN
1197|99|IS_LOCATED_IN
1198|99|IS_LOCATED_IN
1199|99|IS_LOCATED_IN
1200|99|IS_LOCATED_IN
1201|99|IS_LOCATED_IN
1202|99|IS_LOCATED_IN
1203|99|IS_LOCATED_IN
1204|99|IS_LOCATED_IN
1205|99|IS_LOCATED_IN
1206|99|IS_LOCATED_IN
1207|99|IS_LOCATED_IN
1208|99|IS_LOCATED_IN
1209|99|IS_LOCATED_IN
1210|99|IS_LOCATED_IN
1211|99|IS_LOCATED_IN
1212|99|IS_LOCATED_IN
1213|99|IS_LOCATED_IN
1214|99|IS_LOCATED_IN
1215|99|IS_LOCATED_IN
1216|99|IS_LOCATED_IN
1217|99|IS_LOCATED_IN
1218|99|IS_LOCATED_IN
1219|99|IS_LOCATED_IN
1220|99|IS_LOCATED_IN
1221|99|IS_LOCATED_IN
1222|99|IS_LOCATED_IN
1223|99|IS_LOCATED_IN
1224|99|IS_LOCATED_IN
1225|99|IS_LOCATED_IN
1226|100|IS_LOCATED_IN
1227|100|IS_LOCATED_IN
1228|100|IS_LOCATED_IN
1229|100|IS_LOCATED_IN
1230|100|IS_LOCATED_IN
1231|44|IS_LOCATED_IN
1232|44|IS_LOCATED_IN
1233|44|IS_LOCATED_IN
1234|44|IS_LOCATED_IN
1235|101|IS_LOCATED_IN
1236|101|IS_LOCATED_IN
1237|101|IS_LOCATED_IN
1238|101|IS_LOCATED_IN
1239|101|IS_LOCATED_IN
1240|101|IS_LOCATED_IN
1241|101|IS_LOCATED_IN
1242|101|IS_LOCATED_IN
1243|101|IS_LOCATED_IN
1244|101|IS_LOCATED_IN
1245|101|IS_LOCATED_IN
1246|101|IS_LOCATED_IN
1247|101|IS_LOCATED_IN
1248|101|IS_LOCATED_IN
1249|101|IS_LOCATED_IN
1250|101|IS_LOCATED_IN
1251|101|IS_LOCATED_IN
1252|101|IS_LOCATED_IN
1253|101|IS_LOCATED_IN
1254|101|IS_LOCATED_IN
1255|101|IS_LOCATED_IN
1256|101|IS_LOCATED_IN
1257|101|IS_LOCATED_IN
1258|101|IS_LOCATED_IN
1259|101|IS_LOCATED_IN
1260|101|IS_LOCATED_IN
1261|101|IS_LOCATED_IN
1262|101|IS_LOCATED_IN
1263|101|IS_LOCATED_IN
1264|101|IS_LOCATED_IN
1265|101|IS_LOCATED_IN
1266|101|IS_LOCATED_IN
1267|101|IS_LOCATED_IN
1268|101|IS_LOCATED_IN
1269|101|IS_LOCATED_IN
1270|101|IS_LOCATED_IN
1271|101|IS_LOCATED_IN
1272|101|IS_LOCATED_IN
1273|45|IS_LOCATED_IN
1274|45|IS_LOCATED_IN
1275|45|IS_LOCATED_IN
1276|45|IS_LOCATED_IN
1277|45|IS_LOCATED_IN
1278|45|IS_LOCATED_IN
1279|45|IS_LOCATED_IN
1280|45|IS_LOCATED_IN
1281|45|IS_LOCATED_IN
1282|45|IS_LOCATED_IN
1283|45|IS_LOCATED_IN
1284|45|IS_LOCATED_IN
1285|45|IS_LOCATED_IN
1286|45|IS_LOCATED_IN
1287|45|IS_LOCATED_IN
1288|45|IS_LOCATED_IN
1289|45|IS_LOCATED_IN
1290|45|IS_LOCATED_IN
1291|45|IS_LOCATED_IN
1292|46|IS_LOCATED_IN
1293|46|IS_LOCATED_IN
1294|46|IS_LOCATED_IN
1295|46|IS_LOCATED_IN
1296|102|IS_LOCATED_IN
1297|102|IS_LOCATED_IN
1298|102|IS_LOCATED_IN
1299|102|IS_LOCATED_IN
1300|102|IS_LOCATED_IN
1301|102|IS_LOCATED_IN
1302|102|IS_LOCATED_IN
1303|103|IS_LOCATED_IN
1304|103|IS_LOCATED_IN
1305|103|IS_LOCATED_IN
1306|103|IS_LOCATED_IN
1307|103|IS_LOCATED_IN
1308|103|IS_LOCATED_IN
1309|103|IS_LOCATED_IN
1310|103|IS_LOCATED_IN
1311|103|IS_LOCATED_IN
1312|103|IS_LOCATED_IN
1313|103|IS_LOCATED_IN
1314|103|IS_LOCATED_IN
1315|103|IS_LOCATED_IN
1316|103|IS_LOCATED_IN
1317|103|IS_LOCATED_IN
1318|103|IS_LOCATED_IN
1319|103|IS_LOCATED_IN
1320|104|IS_LOCATED_IN
1321|104|IS_LOCATED_IN
1322|104|IS_LOCATED_IN
1323|104|IS_LOCATED_IN
1324|104|IS_LOCATED_IN
1325|104|IS_LOCATED_IN
1326|105|IS_LOCATED_IN
1327|105|IS_LOCATED_IN
1328|105|IS_LOCATED_IN
1329|105|IS_LOCATED_IN
1330|105|IS_LOCATED_IN
1331|105|IS_LOCATED_IN
1332|105|IS_LOCATED_IN
1333|105|IS_LOCATED_IN
1334|105|IS_LOCATED_IN
1335|105|IS_LOCATED_IN
1336|105|IS_LOCATED_IN
1337|105|IS_LOCATED_IN
1338|105|IS_LOCATED_IN
1339|105|IS_LOCATED_IN
1340|105|IS_LOCATED_IN
1341|105|IS_LOCATED_IN
1342|105|IS_LOCATED_IN
1343|105|IS_LOCATED_IN
1344|105|IS_LOCATED_IN
1345|105|IS_LOCATED_IN
1346|105|IS_LOCATED_IN
1347|105|IS_LOCATED_IN
1348|105|IS_LOCATED_IN
1349|105|IS_LOCATED_IN
1350|105|IS_LOCATED_IN
1351|106|IS_LOCATED_IN
1352|106|IS_LOCATED_IN
1353|106|IS_LOCATED_IN
1354|106|IS_LOCATED_IN
1355|106|IS_LOCATED_IN
1356|106|IS_LOCATED_IN
1357|106|IS_LOCATED_IN
1358|106|IS_LOCATED_IN
1359|106|IS_LOCATED_IN
1360|106|IS_LOCATED_IN
1361|106|IS_LOCATED_IN
1362|106|IS_LOCATED_IN
1363|106|IS_LOCATED_IN
1364|106|IS_LOCATED_IN
1365|106|IS_LOCATED_IN
1366|106|IS_LOCATED_IN
1367|106|IS_LOCATED_IN
1368|106|IS_LOCATED_IN
1369|106|IS_LOCATED_IN
1370|106|IS_LOCATED_IN
1371|106|IS_LOCATED_IN
1372|106|IS_LOCATED_IN
1373|106|IS_LOCATED_IN
1374|106|IS_LOCATED_IN
1375|106|IS_LOCATED_IN
1376|106|IS_LOCATED_IN
1377|106|IS_LOCATED_IN
1378|106|IS_LOCATED_IN
1379|106|IS_LOCATED_IN
1380|106|IS_LOCATED_IN
1381|106|IS_LOCATED_IN
1382|106|IS_LOCATED_IN
1383|106|IS_LOCATED_IN
1384|106|IS_LOCATED_IN
1385|106|IS_LOCATED_IN
1386|106|IS_LOCATED_IN
1387|106|IS_LOCATED_IN
1388|106|IS_LOCATED_IN
1389|107|IS_LOCATED_IN
1390|107|IS_LOCATED_IN
1391|107|IS_LOCATED_IN
1392|107|IS_LOCATED_IN
1393|107|IS_LOCATED_IN
1394|107|IS_LOCATED_IN
1395|107|IS_LOCATED_IN
1396|107|IS_LOCATED_IN
1397|107|IS_LOCATED_IN
1398|107|IS_LOCATED_IN
1399|107|IS_LOCATED_IN
1400|107|IS_LOCATED_IN
1401|107|IS_LOCATED_IN
1402|107|IS_LOCATED_IN
1403|107|IS_LOCATED_IN
1404|107|IS_LOCATED_IN
1405|107|IS_LOCATED_IN
1406|107|IS_LOCATED_IN
1407|107|IS_LOCATED_IN
1408|107|IS_LOCATED_IN
1409|107|IS_LOCATED_IN
1410|107|IS_LOCATED_IN
1411|107|IS_LOCATED_IN
1412|107|IS_LOCATED_IN
1413|107|IS_LOCATED_IN
1414|107|IS_LOCATED_IN
1415|107|IS_LOCATED_IN
1416|107|IS_LOCATED_IN
1417|107|IS_LOCATED_IN
1418|107|IS_LOCATED_IN
1419|107|IS_LOCATED_IN
1420|107|IS_LOCATED_IN
1421|107|IS_LOCATED_IN
1422|107|IS_LOCATED_IN
1423|107|IS_LOCATED_IN
1424|107|IS_LOCATED_IN
1425|107|IS_LOCATED_IN
1426|107|IS_LOCATED_IN
1427|107|IS_LOCATED_IN
1428|107|IS_LOCATED_IN
1429|107|IS_LOCATED_IN
1430|107|IS_LOCATED_IN
1431|107|IS_LOCATED_IN
1432|107|IS_LOCATED_IN
1433|107|IS_LOCATED_IN
1434|107|IS_LOCATED_IN
1435|107|IS_LOCATED_IN
1436|107|IS_LOCATED_IN
1437|107|IS_LOCATED_IN
1438|107|IS_LOCATED_IN
1439|107|IS_LOCATED_IN
1440|57|IS_LOCATED_IN
1441|57|IS_LOCATED_IN
1442|57|IS_LOCATED_IN
1443|57|IS_LOCATED_IN
1444|57|IS_LOCATED_IN
1445|57|IS_LOCATED_IN
1446|57|IS_LOCATED_IN
1447|57|IS_LOCATED_IN
1448|57|IS_LOCATED_IN
1449|57|IS_LOCATED_IN
1450|57|IS_LOCATED_IN
1451|57|IS_LOCATED_IN
1452|57|IS_LOCATED_IN
1453|57|IS_LOCATED_IN
1454|57|IS_LOCATED_IN
1455|57|IS_LOCATED_IN
1456|57|IS_LOCATED_IN
1457|57|IS_LOCATED_IN
1458|57|IS_LOCATED_IN
1459|57|IS_LOCATED_IN
1460|57|IS_LOCATED_IN
1461|57|IS_LOCATED_IN
1462|57|IS_LOCATED_IN
1463|57|IS_LOCATED_IN
1464|57|IS_LOCATED_IN
1465|57|IS_LOCATED_IN
1466|57|IS_LOCATED_IN
1467|57|IS_LOCATED_IN
1468|57|IS_LOCATED_IN
1469|57|IS_LOCATED_IN
1470|57|IS_LOCATED_IN
1471|57|IS_LOCATED_IN
1472|57|IS_LOCATED_IN
1473|57|IS_LOCATED_IN
1474|57|IS_LOCATED_IN
1475|57|IS_LOCATED_IN
1476|57|IS_LOCATED_IN
1477|57|IS_LOCATED_IN
1478|57|IS_LOCATED_IN
1479|57|IS_LOCATED_IN
1480|57|IS_LOCATED_IN
1481|57|IS_LOCATED_IN
1482|57|IS_LOCATED_IN
1483|57|IS_LOCATED_IN
1484|57|IS_LOCATED_IN
1485|57|IS_LOCATED_IN
1486|57|IS_LOCATED_IN
1487|57|IS_LOCATED_IN
1488|57|IS_LOCATED_IN
1489|57|IS_LOCATED_IN
1490|57|IS_LOCATED_IN
1491|57|IS_LOCATED_IN
1492|57|IS_LOCATED_IN
1493|57|IS_LOCATED_IN
1494|57|IS_LOCATED_IN
1495|57|IS_LOCATED_IN
1496|57|IS_LOCATED_IN
1497|57|IS_LOCATED_IN
1498|57|IS_LOCATED_IN
1499|57|IS_LOCATED_IN
1500|57|IS_LOCATED_IN
1501|57|IS_LOCATED_IN
1502|57|IS_LOCATED_IN
1503|57|IS_LOCATED_IN
1504|57|IS_LOCATED_IN
1505|57|IS_LOCATED_IN
1506|57|IS_LOCATED_IN
1507|57|IS_LOCATED_IN
1508|57|IS_LOCATED_IN
1509|57|IS_LOCATED_IN
1510|57|IS_LOCATED_IN
1511|57|IS_LOCATED_IN
1512|57|IS_LOCATED_IN
1513|57|IS_LOCATED_IN
1514|57|IS_LOCATED_IN
1515|57|IS_LOCATED_IN
1516|57|IS_LOCATED_IN
1517|57|IS_LOCATED_IN
1518|57|IS_LOCATED_IN
1519|57|IS_LOCATED_IN
1520|57|IS_LOCATED_IN
1521|57|IS_LOCATED_IN
1522|57|IS_LOCATED_IN
1523|57|IS_LOCATED_IN
1524|57|IS_LOCATED_IN
1525|57|IS_LOCATED_IN
1526|57|IS_LOCATED_IN
1527|57|IS_LOCATED_IN
1528|57|IS_LOCATED_IN
1529|57|IS_LOCATED_IN
1530|57|IS_LOCATED_IN
1531|57|IS_LOCATED_IN
1532|57|IS_LOCATED_IN
1533|57|IS_LOCATED_IN
1534|57|IS_LOCATED_IN
1535|47|IS_LOCATED_IN
1536|47|IS_LOCATED_IN
1537|47|IS_LOCATED_IN
1538|47|IS_LOCATED_IN
1539|108|IS_LOCATED_IN
1540|108|IS_LOCATED_IN
1541|108|IS_LOCATED_IN
1542|108|IS_LOCATED_IN
1543|108|IS_LOCATED_IN
1544|108|IS_LOCATED_IN
1545|108|IS_LOCATED_IN
1546|108|IS_LOCATED_IN
1547|108|IS_LOCATED_IN
1548|108|IS_LOCATED_IN
1549|108|IS_LOCATED_IN
1550|108|IS_LOCATED_IN
1551|108|IS_LOCATED_IN
1552|108|IS_LOCATED_IN
1553|108|IS_LOCATED_IN
1554|108|IS_LOCATED_IN
1555|108|IS_LOCATED_IN
1556|108|IS_LOCATED_IN
1557|58|IS_LOCATED_IN
1558|58|IS_LOCATED_IN
1559|58|IS_LOCATED_IN
1560|58|IS_LOCATED_IN
1561|58|IS_LOCATED_IN
1562|48|IS_LOCATED_IN
1563|48|IS_LOCATED_IN
1564|48|IS_LOCATED_IN
1565|48|IS_LOCATED_IN
1566|48|IS_LOCATED_IN
1567|109|IS_LOCATED_IN
1568|109|IS_LOCATED_IN
1569|110|IS_LOCATED_IN
1570|110|IS_LOCATED_IN
1571|110|IS_LOCATED_IN
1572|110|IS_LOCATED_IN
1573|110|IS_LOCATED_IN
1574|110|IS_LOCATED_IN
